"Nº reporte";"Url del reporte";"Usuario";"Grupo";"Fecha del evento";"Hora del evento";"Precisión";"Fecha introducción";"Tipo de fenómeno";"Fiabilidad";"Latitud";"Longitud";"Altitud";"Provincia";"Localidad";"Dirección";"Cod_postal";"Detalles lugar";"Descripción del suceso";"¿Es multirreporte?";"¿Es destacado?";"Daños en bienes";"Daños en campo";"Total daños";"Nº heridos";"Nº muertos";"Fuentes de la información";"Tipo de vórtice";"Nº de vórtices";"¿Otros fenómenos?";"Fujita";"Torro";"Vel.viento Km/h";"¿Nube embudo?";"Nº vórtices en tuba";"Duración";"Otros meteoros";"Longitud trayectoria";"Anchura med. trayectoria";"Anchura máx trayectoria";"Dirección de avance";"Distancia tuba-suelo";"Aumento temperatura";"Tamaño máx. granizo";"Tamaño med. granizo";"Peso máx. granizo";"Espesor capa granizo";"Aspecto del granizo";"Precipitación total";"Hora inicio";"Máx. prec. 5min";"Máx. prec. 10min";"Máx. prec. 15min";"Máx. prec. 30min";"Máx. prec. 1h";"Máx. prec. 3h";"Máx. prec. 24h";"¿Tormenta?";"Tipo de precipitación";"Diametro promedio granizo";"Nieve acumulada";"Equivalencia en agua";"Nieve acumulada en máx. intensidad";"Equivalencia en agua en máx. intensidad";"Duración pico intensidad";"¿Hubo tormenta?";"Tipo de avalancha";"Tipo de flujo";"Tipo de nieve";"Probabilidad de aludes";"Causa de avalancha";"Altitud inicio";"Diferencia altitud inicio-fin";"Cobertura nubosa";"¿Sabe temperatura exacta?";"Temperatura exacta";"Temperatura aproximada";"Velocidad viento";"Dirección viento";"Espesor hielo";"Tipo fenómeno marítimo";"Comentario fen. marítimo"
"2134";"https://sinobas.aemet.es/index.php?pag=detal&rep=2134";"Jasolber";"";"2025-08-22";"15:45";"+/- 15 minutos";"2025-08-24";"Granizada Singular";"Alta";"38.838";"-0.614";"395";"Valencia";"Ontinyent";"Plaça Numero 6, 1887, 46870 Ontinyent, Valencia, España";"46870";"Zona norte del término municipal de Ontinyent (Valencia)";"La tormenta llegó procedente del Norte-Noroeste con fuerte viento y lluvia inicial, que dió paso a una potente granizada con granizos que iban aumentando de tamaño hasta llegar a unos 4-5 cm de grosor. La intensidad de la precipitación fue de 1.047,2 mm en 1 hora, con un registro de 23,6 mm en 10 minutos, según los datos de la estación meteorológica Ontinyent-Alt de Toledo, de la red de AVAMET, situado en el lugar de incidencia.";"NO";"NO";"Perforación de farolas, persianas, chapa y cristales de vehículos, daños en ventanas, puertas.";"Afectación a todo el arbolado, en especial, a los frutales, árboles de jardín de hoja caduca y algunas perennes (pinos, algarrobos, palmeras, etc.), huertas de hortalizas, frutas y verduras.";"";"";"";"Testigo del evento, Testigo de los daños, Fotos o videos del evento";"";"";"";"";"";"";"";"";"10 minutos";"";"";"";"";"";"";"";"Entre 4 y 5";"SD";"SD";"4";"SD";"";"";"";"";"";"";"";"";"";"";"";"";"";"";"";"";"";"";"";"";"";"";"";"";"";"";"";"";"";"";"";"";"";""
"2135";"https://sinobas.aemet.es/index.php?pag=detal&rep=2135";"GDStudios";"";"2025-08-24";"14:15";"+/- 15 minutos";"2025-08-24";"Tuba";"Baja";"36.784";"-4.719";"79";"Málaga";"Pizarra";"Partido rivera, s/n, 29560 Pizarra, Málaga, España";"29560";"Se produjo entre Zalea y Álora con un recorrido de 7,54 km";"El fenómeno vino asociado a un frente de tormentas que amenazó von dejar lluvias, antes de este fenómeno se levantó un poco de viento en un radio de 2 km de este como avisándome de ello, mientras tanto se dio a formar fuera de mi campo de visión y se acercaba ligeramente hacia el Noreste, no obstante se disolvió al verse afectado por las sierras cercanas obligando a expandirse convirtiéndose en una supercélula débil debido a una convergencia cercana, el LCL es bajo y se prevee que llegue a ser de 800 m conforme vayan pasando las horas y con una cizalladura de 80km/h aprox, no me era de extrañar que se diera aunque todavía estamos lejos del pico de riesgo que se dará a las 5:00 de la madrugada de mañana";"NO";"NO";"No hay datos";"No hay datos";"";"";"";"Testigo del evento, Fotos o videos del evento";"";"1";"";"";"";"";"";"";"5 minutos";"Lluvia ligera o moderada";"";"";"";"";"10%";"";"";"";"";"";"";"";"";"";"";"";"";"";"";"";"";"";"";"";"";"";"";"";"";"";"";"";"";"";"";"";"";"";"";"";"";"";"";"";""
"2136";"https://sinobas.aemet.es/index.php?pag=detal&rep=2136";"egarciat";"AEMET";"2025-08-17";"20:00";"+/- 15 minutos";"2025-08-28";"Reventón Cálido";"Alta";"36.696";"-3.476";"0";"Granada";"Torrenueva";"MGWF+HJ Torrenueva, España";"18720";"El reventón cálido se produjo hacia las 20 h en la costa de Granada, notándose especialmente en las playas de Torrenueva y Carchuna, con una subida de la temperatura y rachas muy fuertes de viento.";"En la tarde del 17 de agosto de 2025, hacia las 20 h, se produjo un reventón térmico en la costa granadina, que afectó a varias playas en Salobreña, Motril y Castell del Ferro. Las más afectadas fueron las de Torrenueva y Carchuna. Fue el día álgido de la ola de calor de agosto, y aunque la costa granadina no tenía avisos activos por altas temperaturas, la fuerte insolación y el intenso calentamiento diurno desencadenaron convección que originó tormentas con poca precipitación en las cercanías de la zona. Un reventón térmico es una una corriente de aire descendente de una tormenta, acompañada de precipitación que, en su descenso, se va evaporando antes de llegar al suelo. La masa, al evaporarse el contenido de agua, se vuelve más pesada, se acelera y se comprime adiabáticamente, calentándose. Al chocar con la superficie se expande horizontalmente, generando fuertes rachas de viento.
En la costa granadina las temperaturas subieron 7ºC, llegando a los 40ºC, y las rachas de viento rondaron los 90 Km/h, generando el caos en las playas, que los usuarios comenzaron a desalojar rápidamente. La Guardia Civil y los equipos de Salvamento y Socorrismo tuvieron que rescatar del mar a unas 7 personas, que no podían volver a la orilla debido a las fuertes rachas de viento. No hubo que lamentar ningún herido. Algunos usuarios refieren haber visto una manga marina adentrarse en Torrenueva. Incluso la estación del Radiotelescopio de Sierra Nevada, a 41 Km al norte de la costa granadina, registró a la misma hora un pico de racha de 99 Km/h.";"NO";"SI";"Ramas rotas, cornisas levantadas, toldos arrancados, piscinas montables y sombrillas volando, cortes de luz puntuales.";"";"";"0";"0";"Información en los medios, Información en sitios webs, Fotos o videos del evento, Fotos o videos de los daños";"";"";"";"SD";"SD";"90";"";"";"20 minutos";"";"SD";"SD";"SD";"SD";"";"+7";"";"";"";"";"";"";"";"";"";"";"";"";"";"";"";"";"";"";"";"";"";"";"";"";"";"";"";"";"";"";"";"";"";"";"";"";"";"";""
"2143";"https://sinobas.aemet.es/index.php?pag=detal&rep=2143";"MeteOrihuela";"FrostSE";"2025-09-08";"17:15";"+/- 1 minuto";"2025-09-10";"Reventón / Frente de racha";"Alta";"38.141";"-0.887";"16";"Alicante";"Cox";"Plaza de la glorieta, Pl. Glorieta, 11, 03350 Cox, Alicante, España";"03350";"El “Reventón Húmedo“ afectó a varios municipios de la comarca de la Vega Baja del Segura: Benferri, Orihuela (Urbanización Montepinar, Polígono Industrial Puente Alto y extremo norte de la ciudad), Redován, Callosa de Segura, Albatera, Granja de Rocamora y Cox. He señalado como ubicación Cox por ser el municipio donde se alcanzó la racha máxima de viento, con un registro de 122 km/h.";"En las primeras horas de la tarde del lunes 8 de septiembre de 2025, una línea de tormentas gestada en el interior de la Región de Murcia fue avanzando de oeste a este, adentrándose minutos antes de las 17:00 horas por el interior de la comarca de la Vega Baja del Segura. Precisamente, en ese momento, la parte más meridional del núcleo convectivo sufrió un reforzamiento repentino muy destacado, pasando de reflectividades de 36-42 dBZ a 48-60 dBZ, dando lugar a un “Reventón Húmedo”. En su recorrido, afectó especialmente a Benferri, Orihuela (Urbanización Montepinar, Polígono Industrial Puente Alto y extremo norte de la ciudad), Redován, Callosa de Segura, Albatera, Granja de Rocamora y Cox. Se registró precipitación con picos de intensidad torrencial, rachas de viento de más de 100 km/h, granizo menudo, y un extraordinario descenso de las temperaturas (bajada brusca de hasta 11ºC en algunos observatorios).";"NO";"NO";"Derribo de muros, marquesinas y pérgolas; caída de cascotes, barandillas, antenas de telefonía y postes de cableado de luz; voladura de tejas; rotura de persianas, entrada de agua en garajes y viviendas, etc.";"Caída de al menos una veintena de árboles de grandes dimensiones, algunos de ellos centenarios, localizados sobre todo en la Carretera N-340 entre Orihuela y el Barrio San Carlos y la Carretera CV-900 entre Orihuela y Redován";"";"";"0";"Informado por un testigo del evento, Informado por un testigo de los daños, Información en los medios, Información en sitios webs, Fotos o videos del evento, Fotos o videos de los daños";"";"";"";"EF0: 105-137 km/h";"T2: 116-147 km/h";"122";"";"";"20 minutos";"Lluvia fuerte, Granizo pequeño (&lt;0,5 cm.), Tormenta";"Entre 9 y 10 km";"3,5 km";"Mayor que 4 km";"oeste a este";"";"";"";"";"";"";"";"";"";"";"";"";"";"";"";"";"";"";"";"";"";"";"";"";"";"";"";"";"";"";"";"";"";"";"";"";"122";"";"";"";""
"2145";"https://sinobas.aemet.es/index.php?pag=detal&rep=2145";"Gutarb";"ACAM";"2025-09-10";"13:05";"+/- 1 minuto";"2025-09-10";"Tuba";"Alta";"41.896";"3.202";"153";"Girona";"Llafranc";"Carrer de l'Uruguai, 87, 17211 Llafranc, Girona, España";"17211";"Sitúo el fenómeno en el faro de del Cap de Sant Sebastià, pero el fenómeno estaba 2 millas en frente, justo en el sur del límite del cañón submarino de Palamós";"Navegando con embarcación de los agents rurals de la Generalitat observamos una tuba al sur del límite sur del cañon submarino de Palamós, estimamos que frente al Cap de Sant Sebastià, Girona";"NO";"NO";"Ninguno";"NInguno";"0";"0";"0";"Testigo del evento, Fotos o videos del evento";"";"1";"";"";"";"";"";"";"5 minutos";"Sin Precipitación";"";"";"";"";"50%";"";"";"";"";"";"";"";"";"";"";"";"";"";"";"";"";"";"";"";"";"";"";"";"";"";"";"";"";"";"";"";"";"";"";"";"";"";"";"";""
"2149";"https://sinobas.aemet.es/index.php?pag=detal&rep=2149";"GDStudios";"";"2025-09-20";"21:40";"+/- 1 minuto";"2025-09-21";"Tuba";"No Validado";"42.558";"-2.136";"471";"Navarra";"Los Arcos";"HV57+2F Los Arcos, España";"31210";"El fenómeno se produjo en zonas agrarias cercanas a la localidad de Los Arcos";"El fenómeno sucedió durante un episodio de tormentas virulentas en la que el equipo entero con 3 ocupantes grabamos la tormenta, desde formaciones peculiares de lluvia fuerte a incluso un semi-tornado, del que nos dimos cuenta cuando ya estábamos editando el vídeo, teníamos cogidos unos 90-180 grados de cámara grabando varios puntos de la tormenta, por lo que en el caso mostrado, al final de este vídeo se observa el fenómeno cuya formación parece ser obvia, como si el cielo se cayera, no sabemos los daños, dado que solo grabamos unos segundos y no sabemos si llegó a tocar tierra o si ocasionó daños materiales o forestales";"NO";"NO";"Se desconoce";"Se desconoce";"";"";"";"Testigo del evento, Informado por un testigo del evento, Fotos o videos del evento";"";"1";"";"";"";"";"";"";"5 minutos";"Lluvia fuerte, Granizo pequeño (&lt;0,5 cm.), Tormenta";"";"";"";"";"SD";"";"";"";"";"";"";"";"";"";"";"";"";"";"";"";"";"";"";"";"";"";"";"";"";"";"";"";"";"";"";"";"";"";"";"";"";"";"";"";""
"2150";"https://sinobas.aemet.es/index.php?pag=detal&rep=2150";"oierseoanerubio";"";"2025-09-19";"21:50";"+/- 5 minutos";"2025-09-23";"Reventón / Frente de racha";"Imposible de validar";"43.063";"-2.486";"224";"Gipuzkoa";"Arrasate / Mondragón";"Aprendices Kalea, 4, 20500 Arrasate / Mondragón, Gipuzkoa, España";"20500";"Arrasate/Mondragón, Gipuzkoa, País Vasco, España";"Debido a la fuerte influencia causada por la aproximación de una vaguada muy pronunciada, mientras esta entraba por Galicia, por su parte delantera levantaba una dorsal anticiclónica muy potente con isos de 20-24 grados a 850hpa ( unos 1500 metros de altura ), debido también a los vientos del sur o suroeste causados por la interacción de la misma, en las provincias de la vertiente cantábrica como consecuencia del efecto Föhn, es por ello por lo que las temperaturas máximas alcanzaron valores de entre 35-38 grados en el interior tanto de Bizkaia como de Gipuzkoa, durante la tarde empezó a entrar nubosidad de evolución de base alta, que al entrar al mar dejaba algunas precipitaciones acompañadas de aparato eléctrico, sobre las 20:00 entraba una tormenta fuerte por la provincia de Álava a Gipuzkoa que acabo deshaciéndose en la costa occidental de Gipuzkoa, mas tarde se forman mas tormentas en Álava que avanzan de sur a norte y que adquieren cierta organización formando algo parecido a una línea de turbonada, se parecía mas a un tren convectivo que a una línea de turbonada, debido a toda la energía disponible, la tormenta exploto hasta alcanzar ecotops de hasta 14-16km, en el interior de &gt;Gipuzkoa, como consecuencia hubo un reventón con rachas muy fuertes de viento, en otras zonas cercanas el reventón fue seco dándose un ascenso de las temperaturas de entre 6-8 grados como es el caso de Elgoibar.";"NO";"NO";"Algún árbol caído y algunas ramas rotas por el viento";"Algún árbol caído y algunas ramas rotas por el viento";"0";"0";"0";"Informado por un testigo del evento, Informado por un testigo de los daños, Fotos o videos del evento, Fotos o videos de los daños";"";"";"Vórtice de racha";"SD";"T1: 87-115 km/h";"100";"";"";"10 minutos";"Lluvia fuerte, Granizo pequeño (&lt;0,5 cm.), Polvo o arena levantado por el viento, Tormenta";"SD";"SD";"SD";"sur a norte";"";"";"";"";"";"";"";"";"";"";"";"";"";"";"";"";"";"";"";"";"";"";"";"";"";"";"";"";"";"";"";"";"";"";"";"";"";"";"";"";""
"2151";"https://sinobas.aemet.es/index.php?pag=detal&rep=2151";"jgordalizab";"AEMET";"2025-09-19";"17:10";"+/- 5 minutos";"2025-09-23";"Reventón / Frente de racha";"Alta";"41.641";"-4.755";"734";"Valladolid";"Valladolid";"Centro Meteorológico, C. Orión, 1, 47014 Valladolid, España";"47014";"En la ciudad de Valladolid; los datos y gráficas adjuntos pertenecen al observatorio meteorológico de AEMET en el barrio de Parquesol donde está la Delegación de AEMET en Castilla y León.";"Se observan células tormentosas con gran aparato eléctrico que se dirigen de sur a norte atravesando la ciudad de Valladolid. Datos significativos: 87 km/h de racha máxima, 11,0 litros/m2 en 10 minutos, 16 litros/m2 en una hora";"NO";"NO";"coches por caída de árboles y pequeñas inundaciones en la ciudad";"";"";"";"";"Información en los medios, Información en sitios webs";"";"";"";"SD";"SD";"87";"";"";"30 minutos";"Lluvia fuerte";"SD";"SD";"SD";"sur a norte";"";"";"";"";"";"";"";"";"";"";"";"";"";"";"";"";"";"";"";"";"";"";"";"";"";"";"";"";"";"";"";"";"";"";"";"";"";"";"";"";""
"2152";"https://sinobas.aemet.es/index.php?pag=detal&rep=2152";"LeoDelgado";"AEMET";"2025-08-21";"07:30";"+/- 1 minuto";"2025-09-24";"Precipitación Súbita Torrencial";"Alta";"43.430";"-3.836";"1";"Cantabria";"Maliaño";"Polígono Camargo, 5, 39600 Maliaño, Cantabria, España";"39600";"Afectó principalmente a la bahía de Santander, especialmente en la zona oriental del municipio de Camargo.";"Se registró intensidad torrencial y se acumuló en 1 hora más de 60 mm. La troposfera se encontraba saturada en niveles bajos y medios con vientos de componente noroeste. Una línea de inestabilidad interaccionó con la orografía, desarrollándose convección embebida entre precipitación estratiforme. Sin embargo, esta convección no llego a ser muy profunda debido a una inversión térmica causada por una masa de aire más cálida y seca en torno a los 4500 metros de altitud. 

Este episodio se ajusta al modelo conceptual conocido como lluvia cálida en el que prácticamente toda la nubosidad se encuentra en fase líquida, de forma que las altas intensidades de precipitación pasan desapercibidas en los satélites y radares meteorológicos.";"NO";"NO";"Coches, garajes";"";"";"";"";"Fotos o videos del evento, Informe por un meteorólogo profesional";"";"";"";"";"";"";"";"";"120 minutos";"";"";"";"";"";"";"";"";"";"";"";"";"75";"06:30";"";"17";"";"";"66";"";"79";"No";"Sólo lluvia";"SD";"";"";"";"";"";"";"";"";"";"";"";"";"";"";"";"";"";"";"";"";"";""
"2153";"https://sinobas.aemet.es/index.php?pag=detal&rep=2153";"jprodriguezg";"";"2025-09-24";"07:30";"+/- 5 minutos";"2025-09-24";"Tornado / Tromba Marina";"Alta";"39.720";"3.484";"0";"Illes Balears";"Cala Gat";"PFCM+2H Cala Gat, España";"07590";"";"Se ha observado a través de webcam una manga marina en las proximidades de una zona afectada por un chubasco.";"NO";"NO";"";"";"";"";"";"Fotos o videos del evento";"Tromba Marina";"1";"";"SD";"SD";"";"Si";"1";"4 minutos";"Lluvia fuerte";"SD";"SD";"SD";"SD";"";"";"";"";"";"";"";"";"";"";"";"";"";"";"";"";"";"";"";"";"";"";"";"";"";"";"";"";"";"";"";"";"";"";"";"";"";"";"";"";""
"2154";"https://sinobas.aemet.es/index.php?pag=detal&rep=2154";"egarciat";"AEMET";"2025-08-26";"17:00";"+/- 1 hora";"2025-09-24";"Fenómenos marítimos raros";"Alta";"36.182";"-6.015";"0";"Cádiz";"Los Caños de Meca";"5XJP+R2 Los Caños de Meca, España";"11159";"El fuerte oleaje, unido a las mareas vivas, se produjo en prácticamente toda la costa gaditana atlántica, en las playas de Chipiona, Rota, El Puerto de Santa María, Valdelagrana, Cádiz, Camposoto, Conil, El Palmar, Zahora, Caños, Barbate, Atlanterra. El mayor impacto se produjo en Caños.";"El mar de fondo de la tormenta extratropical Erin llega a las costas gaditanas, provocando en las playas un fuerte oleaje de gran período, que unido a la pleamar de una marea viva, genera corrientes de resaca, que hacen peligroso el baño en las playas. Se izan banderas rojas en prácticamaente todas las playas.";"NO";"NO";"Pasarelas, contenedores y un chiringuito arrastrados por la corriente.";"Playas sin arena.";"";"1";"0";"Información en los medios, Información en sitios webs, Fotos o videos del evento, Fotos o videos de los daños";"";"";"";"";"";"";"";"";"";"";"";"";"";"";"";"";"";"";"";"";"";"";"";"";"";"";"";"";"";"";"";"";"";"";"";"";"";"";"";"";"";"";"";"";"";"";"";"";"";"";"";"";"";"Oleaje de rompiente";"El 26 de agosto de 2025, el ex-huracán Erin, ya convertido en profunda tormenta extratropical, se sitúa estacionario al noroeste de las Islas Británicas. Sus fuertes vientos generan grandes olas que se propagan a gran distancia, llegando como mar de fondo a las costas de Cádiz. Al tocar fondo en las playas, las olas se amplifican y rompen, generando fuertes corrientes de resaca, con peligro para los bañistas. Se izan banderas rojas en casi todas las playas, prohibiendo el baño.
El efecto del oleaje se une a partir de mediodía al de la pleamar de una marea viva, dejando numerosas playas sin arena. Además es agosto, y la afluencia de público en las playas es grande. En varias playas, los servicios de Salvamento y Socorrismo deben rescatar a varios bañistas con problemas. En otras, se decide retirar las pasarelas de madera, para evitar que las corrientes se las lleven, con el peligro que esto generaría. En la playa de Caños, el oleaje y las corrientes se llevan una pasarela y un chiringuito en la playa, sin víctimas ni heridos al haberse evacuado previamente.
Las consecuencias del oleaje no han sido tanto por la altura de las olas, como por su período (intervalo de tiempo entre 2 crestas), de hasta 16 segundos, que daba a cada ola una mayor potencia de arrastre. La configuración natural de las playas también ha contribuido a aumentar los efectos conjuntos de oleaje y mareas vivas, amplificando la energía de las olas en las rompientes."
"2155";"https://sinobas.aemet.es/index.php?pag=detal&rep=2155";"jprodriguezg";"";"2025-08-22";"11:45";"+/- 1 minuto";"2025-09-25";"Tornado / Tromba Marina";"Alta";"39.447";"2.483";"-29";"Illes Balears";"El Toro";"CFWM+R3 El Toro, España";"07180";"";"Manga marina observada por webcam en las proximidades de dos zonas con chubascos.";"NO";"NO";"";"";"";"";"";"Fotos o videos del evento";"Tromba Marina";"1";"";"SD";"SD";"";"Si";"1";"SD";"Lluvia fuerte";"SD";"SD";"SD";"SD";"";"";"";"";"";"";"";"";"";"";"";"";"";"";"";"";"";"";"";"";"";"";"";"";"";"";"";"";"";"";"";"";"";"";"";"";"";"";"";"";""
"2156";"https://sinobas.aemet.es/index.php?pag=detal&rep=2156";"joancarcal";"";"2025-09-21";"16:50";"+/- 5 minutos";"2025-09-26";"Reventón / Frente de racha";"Alta";"38.873";"-0.759";"340";"Valencia";"Moixent";"C. la Bastida, 22, 46640 Moixent, Valencia, España";"46640";"Reventón húmedo en Moixent, que se desplazó por la comarca de la Costera y la Vall de Albaida. La estación de avament Moixent-la Foia (https://www.avamet.org/mxo_i.php?id=c23m170e04) recogió 30mm y rachas de 60km/h. La estación de inforatge ubicada en el centro de la localidad (https://www.meteoclimatic.net/perfil/ESPVA4600000046640C?screen_width=1920)  registró racha superior a 90 km/h. La temperatura descendió de 31ºC a los 16ºC en cuestión de minutos.";"Alrededor de las 16.40 locales se levantó un viento muy fuerte, y en apenas unos minutos llegó la precipitación de intensidad torrencial y el granizo, con aparato eléctrico. Se adjunta videos y fotos de mi autoría.";"NO";"NO";"levantamiento de tejas en puente, puerta arrancada";"Cultivos de olivo afectados por viento y pedrisco, caída de árboles";"";"";"";"Testigo del evento, Fotos o videos del evento, Fotos o videos de los daños";"";"";"";"SD";"T1: 87-115 km/h";"92";"";"";"15 minutos";"Lluvia fuerte, Granizo mediano, Polvo o arena levantado por el viento";"Entre 9 y 10 km";"SD";"SD";"suroeste a noreste";"";"";"";"";"";"";"";"";"";"";"";"";"";"";"";"";"";"";"";"";"";"";"";"";"";"";"";"";"";"";"";"";"";"";"";"";"";"";"";"";""
"2157";"https://sinobas.aemet.es/index.php?pag=detal&rep=2157";"ncho26_";"";"2025-09-13";"12:55";"+/- 3 horas";"2025-09-29";"Reventón / Frente de racha";"No Validado";"40.474";"-3.869";"732";"Madrid";"Majadahonda";"C. Perú, 25, 28220 Majadahonda, Madrid, España";"28220";"";"Emergencias ha recibido esta madrugada numerosas llamadas, gestionándose un total de 183 expedientes en toda la Comunidad de Madrid. En concreto, se han realizado 71 intervenciones por caídas de ramas, árboles y cornisas, uno muy aparatoso en Pozuelo de Alarcón.+";"NO";"NO";"";"";"";"";"";"Testigo del evento, Información en sitios webs";"";"";"Vórtice de racha";"menor que EF0";"T0: 61-86 km/h";"80";"";"";"15 minutos";"Lluvia fuerte, Tormenta";"SD";"SD";"SD";"noreste a suroeste";"";"";"";"";"";"";"";"";"";"";"";"";"";"";"";"";"";"";"";"";"";"";"";"";"";"";"";"";"";"";"";"";"";"";"";"";"";"";"";"";""
"2159";"https://sinobas.aemet.es/index.php?pag=detal&rep=2159";"LeoDelgado";"AEMET";"2025-09-22";"18:00";"+/- 1 hora";"2025-09-30";"Tuba";"Alta";"43.482";"-3.833";"7";"Cantabria";"Santander";"Bo. Monte-Corbanera, 56D, 39012 Santander, Cantabria, España";"39012";"";"Tuba ocurrida bajo un cumulonimbo cerca de la estación Santander CMT. Fue un día de tormentas en el que se registraron lluvias intensas y persistentes en dicha estación.";"NO";"NO";"";"";"";"";"";"Testigo del evento";"";"1";"";"";"";"";"";"";"SD";"Lluvia fuerte, Tormenta";"";"";"";"";"SD";"";"";"";"";"";"";"";"";"";"";"";"";"";"";"";"";"";"";"";"";"";"";"";"";"";"";"";"";"";"";"";"";"";"";"";"";"";"";"";""
"2160";"https://sinobas.aemet.es/index.php?pag=detal&rep=2160";"LeoDelgado";"AEMET";"2025-09-23";"16:10";"+/- 5 minutos";"2025-09-30";"Tornado / Tromba Marina";"Alta";"43.486";"-3.830";"8";"Cantabria";"Santander";"C. Corbanera, 56K, 39012 Santander, Cantabria, España";"39012";"";"Tromba marina en la costa norte de Santander vista desde Ojaiz.";"NO";"NO";"";"";"";"";"";"Testigo del evento";"Tromba Marina";"1";"";"SD";"SD";"";"Si";"1";"SD";"Sin Precipitación";"SD";"SD";"SD";"SD";"";"";"";"";"";"";"";"";"";"";"";"";"";"";"";"";"";"";"";"";"";"";"";"";"";"";"";"";"";"";"";"";"";"";"";"";"";"";"";"";""
"2161";"https://sinobas.aemet.es/index.php?pag=detal&rep=2161";"CarlesP";"";"2025-08-28";"15:00";"+/- 15 minutos";"2025-10-17";"Tornado / Tromba Marina";"Alta";"41.292";"2.088";"2";"Barcelona";"El Prat de Llobregat";"73RQ+V2 El Prat de Llobregat, España";"08820";"";"Tromba marina observada desde el Aeropuerto del Prat";"NO";"NO";"";"";"";"";"";"Fotos o videos del evento";"Tromba Marina";"1";"";"SD";"SD";"";"Si";"1";"SD";"";"SD";"SD";"SD";"SD";"";"";"";"";"";"";"";"";"";"";"";"";"";"";"";"";"";"";"";"";"";"";"";"";"";"";"";"";"";"";"";"";"";"";"";"";"";"";"";"";""
"2162";"https://sinobas.aemet.es/index.php?pag=detal&rep=2162";"Nhanha";"";"2025-10-17";"18:50";"+/- 5 minutos";"2025-10-18";"Tornado / Tromba Marina";"Alta";"41.253";"1.906";"0";"Barcelona";"Garraf";"Carrer Mirador del Port, 1, 08871 Garraf, Barcelona, España";"08871";"Se formó frente a la Playa de las Casetas de Garraf, avanzando hacia el SO";"Se formó frente a la Playa de la Carretas de Garraf, avanzando hacia el SO frente al acantilado, y deshaciéndose antes de llegar al espigón del puerto.";"NO";"NO";"";"";"";"";"";"Testigo del evento, Fotos o videos del evento";"Tornado";"1";"";"SD";"SD";"";"Si";"1";"4 minutos";"Tormenta";"Menor de 0,5 km";"SD";"SD";"noreste a suroeste";"";"";"";"";"";"";"";"";"";"";"";"";"";"";"";"";"";"";"";"";"";"";"";"";"";"";"";"";"";"";"";"";"";"";"";"";"";"";"";"";""
"2163";"https://sinobas.aemet.es/index.php?pag=detal&rep=2163";"icampoo";"AEMET";"2025-09-21";"15:30";"+/- 5 minutos";"2025-10-20";"Precipitación Súbita Torrencial";"Alta";"41.595";"1.840";"718";"Barcelona";"Monestir de Montserrat";"Monestir de Montserrat, 08199 Monestir de Montserrat, Barcelona, España";"08199";"Monistrol de Montserrat (el Bages -Barcelona-), en el entorno de la Muntanya de Montserrat, próximo al monasterio.";"Condiciones de inestabilidad acusada en el tercio E peninsular durante la tarde, con convección organizada, especialmente en Cataluña, con chubascos muy fuertes/torrenciales y persistentes acompañados de abundante aparato eléctrico (efecto tren convectivo) en el prelitoral de Barcelona";"NO";"NO";"";"Daños en carreteras locales y campos de cultivo.";"";"";"";"Información en los medios, Información en sitios webs, Fotos o videos del evento, Fotos o videos de los daños";"";"";"";"";"";"";"";"";"60 minutos";"";"";"";"";"";"";"";"";"";"";"";"";"100";"14:20";"7";"14";"18";"35";"63";"";"116";"Si";"Sólo lluvia";"SD";"";"";"";"";"";"";"";"";"";"";"";"";"";"";"";"";"";"";"";"";"";""
"2164";"https://sinobas.aemet.es/index.php?pag=detal&rep=2164";"jsanambrosiob";"AEMET";"2025-08-27";"17:30";"+/- 15 minutos";"2025-10-24";"Granizada Singular";"Alta";"41.330";"-1.216";"607";"Zaragoza";"Cariñena";"8QJM+3H Cariñena, España";"50400";"en la poblaciçón de Cariñena y otras localidades cercanas.";"Durante la tarde se produjeron tormentas que se iban desplazando de W a E, dejaron en la zona granizo de gran tamaño así como precipitación de gran intensidad que causaron inundaciones. Afectaron a Cariñena y a otras poblaciones cercanas.";"NO";"NO";"Se desconoce";"Se desconoce";"";"";"";"Información en los medios";"";"";"";"";"";"";"";"";"SD";"";"";"";"";"";"";"";"SD";"Entre 5 y 6";"SD";"SD";"SD";"";"";"";"";"";"";"";"";"";"";"";"";"";"";"";"";"";"";"";"";"";"";"";"";"";"";"";"";"";"";"";"";"";""
"2165";"https://sinobas.aemet.es/index.php?pag=detal&rep=2165";"CarlesP";"";"2025-10-09";"09:05";"+/- 1 minuto";"2025-10-27";"Tornado / Tromba Marina";"Alta";"41.321";"2.106";"3";"Barcelona";"El Prat de Llobregat";"84C4+78 El Prat de Llobregat, España";"08820";"";"Tromba marina observada desde el Prat de Llobregat";"NO";"NO";"";"";"";"";"";"Fotos o videos del evento";"Tromba Marina";"1";"";"SD";"SD";"";"Si";"1";"SD";"";"SD";"SD";"SD";"SD";"";"";"";"";"";"";"";"";"";"";"";"";"";"";"";"";"";"";"";"";"";"";"";"";"";"";"";"";"";"";"";"";"";"";"";"";"";"";"";"";""
"2166";"https://sinobas.aemet.es/index.php?pag=detal&rep=2166";"ricardo_sanz";"AEMET";"2025-10-25";"10:10";"+/- 5 minutos";"2025-10-31";"Tuba";"Alta";"28.399";"-16.294";"-40";"Santa Cruz de Tenerife";"Bocacangrejo";"9PX4+PC Bocacangrejo, España";"38190";"A unos 3 km al este del puerto de Radazul.";"En el seno de un cúmulo de cierto desarrollo vertical que se desplazaba hacia el noreste, pegado a la costa. Estuvieron amagando durante al menos una hora, llegando a tocar ligeramente la superficie del agua.";"NO";"NO";"";"";"";"";"";"Testigo del evento";"";"3";"";"";"";"";"";"";"60 minutos";"";"";"";"";"";"SD";"";"";"";"";"";"";"";"";"";"";"";"";"";"";"";"";"";"";"";"";"";"";"";"";"";"";"";"";"";"";"";"";"";"";"";"";"";"";"";""
"2168";"https://sinobas.aemet.es/index.php?pag=detal&rep=2168";"cadizmeteo";"";"2025-11-05";"16:10";"+/- 5 minutos";"2025-11-05";"Granizada Singular";"Alta";"36.719";"-5.935";"78";"Cádiz";"Jédula";"P398+H5 Jédula, España";"11620";"Granizada muy significativa, con granizo de gran tamaño nunca visto en nuestra provincia";"Una posible súper célula que entró desde Cádiz dirección el puerto Jerez con algunas inundaciones en el Portal y finalmente granizada en jedula";"NO";"NO";"Coches sobre todo";"";"";"";"";"Informado por un testigo del evento";"";"";"";"";"";"";"";"";"10 minutos";"";"";"";"";"";"";"";"Entre 5 y 6";"Entre 4 y 5";"40";"4";"Puntiagudo";"";"";"";"";"";"";"";"";"";"";"";"";"";"";"";"";"";"";"";"";"";"";"";"";"";"";"";"";"";"";"";"";"";""
"2169";"https://sinobas.aemet.es/index.php?pag=detal&rep=2169";"jprodriguezg";"";"2025-11-17";"16:00";"+/- 3 horas";"2025-11-18";"Tornado / Tromba Marina";"Alta";"40.014";"4.219";"0";"Illes Balears";"Puerto Addaya";"2679+HG Puerto Addaya, España";"07740";"Varias observaciones desde Port d'Addaia, Na Macaret, Cala Tirant y Arenal d'en Castell";"Varias trombas marinas en la zona. Una fotografía capta 5 vórtices simultáneos.";"NO";"NO";"";"";"";"";"";"Fotos o videos del evento";"Tromba Marina";"1";"";"SD";"SD";"";"Si";"4";"SD";"Lluvia fuerte";"SD";"SD";"SD";"SD";"";"";"";"";"";"";"";"";"";"";"";"";"";"";"";"";"";"";"";"";"";"";"";"";"";"";"";"";"";"";"";"";"";"";"";"";"";"";"";"";""
"2170";"https://sinobas.aemet.es/index.php?pag=detal&rep=2170";"jprodriguezg";"";"2025-11-17";"16:00";"+/- 3 horas";"2025-11-18";"Tornado / Tromba Marina";"Media";"39.951";"4.286";"0";"Illes Balears";"Es Grau";"X72P+H6 Es Grau, España";"07701";"";"Manga marina que ha sido detectada gracias a una fotografía.";"NO";"NO";"";"";"";"";"";"Fotos o videos del evento";"Tromba Marina";"1";"";"SD";"SD";"";"Si";"1";"SD";"Lluvia fuerte";"SD";"SD";"SD";"SD";"";"";"";"";"";"";"";"";"";"";"";"";"";"";"";"";"";"";"";"";"";"";"";"";"";"";"";"";"";"";"";"";"";"";"";"";"";"";"";"";""
"2171";"https://sinobas.aemet.es/index.php?pag=detal&rep=2171";"egarciat";"AEMET";"2025-10-29";"09:30";"+/- 15 minutos";"2025-11-18";"Tornado / Tromba Marina";"Alta";"37.375";"-6.970";"26";"Huelva";"Gibraleón";"Pl. España, 7, 21500 Gibraleón, Huelva, España";"21500";"El 29 de octubre de 2025, a primeras horas de la mañana se estaba desarrollando un Sistema Convectivo de Mesoscala en el sur de Portugal, extendiéndose hacia el este, que generaba fuertes chubascos, tormentas y rachas de viento en toda la zona del Golfo de Cádiz. En concreto, en Gibraleón (Huelva),  hacia las 9:30 h se produjo un tornado que dejó un muerto y daños de consideración en árboles, antenas, torres eléctricas, muros y tejados.";"Durante la mañana del 29 de octubre de 2025 se estaba formando, al sur de Portugal, un Sistema Convectivo de Mesoscala que avanzaba hacia el este. La situación (vaguada, con embolsamiento de aire frío en altura, una baja en superficie con frente cálido asociado, inestabilidad térmica y dinámica, gran cizalladura vertical, sobre todo direccional, con formación de células convectivas organizadas) era muy favorable a la formación de tornados mesociclónicos en la zona del Golfo de Cádiz. En las imágenes de satélite se aprecia el gran desarrollo de estas células, y en las de radar, una alta reflectividad, indicativo de la intensidad de las precipitaciones, que iban acompañadas de tormentas, como indicaban los registros de rayos a esa hora. Se debió producir un reventón húmedo, o una línea de turbonada muy activa, pero que no explicarían los daños más graves reportados. A esa hora se debió formar en las cercanías de Gibraleón un vórtice tornádico de fuerza EF2 o quizá algo más, responsable de todos esos daños.";"NO";"NO";"Antenas y torres eléctricas colapsadas, cables rotos, muros derribados, tejados de chapa volados, tejas dañadas, vigas retorcidas, coches dañados.";"Árboles derribados y tronchados.";"";"";"1";"Información en los medios, Información en sitios webs, Fotos o videos del evento, Fotos o videos de los daños";"Tornado";"1";"";"EF2: 179-218 km/h";"SD";"";"No";"1";"SD";"Lluvia fuerte, Tormenta";"Entre 2 y 3 km";"400 metros";"500 metros";"suroeste a noreste";"";"";"";"";"";"";"";"";"";"";"";"";"";"";"";"";"";"";"";"";"";"";"";"";"";"";"";"";"";"";"";"";"";"";"";"";"";"";"";"";""
"2172";"https://sinobas.aemet.es/index.php?pag=detal&rep=2172";"egarciat";"AEMET";"2025-10-29";"09:00";"+/- 15 minutos";"2025-11-19";"Precipitación Súbita Torrencial";"Alta";"37.213";"-7.404";"4";"Huelva";"Ayamonte";"6H7W+9F Ayamonte, España";"21400";"Durante la mañana del 20 de octubre de 2025 se estaba formando, al sur de Portugal, un Sistema Convectivo de Mesoscala que avanzaba hacia el este. La situación meteorológica (vaguada, con embolsamiento de aire frío en altura, una baja en superficie con frente cálido asociado, inestabilidad térmica y dinámica, y gran cizalladura vertical, sobre todo direccional) era muy favorable a la formación de células convectivas organizadas en la zona del Golfo de Cádiz. En las imágenes de satélite se aprecia el gran desarrollo de estas células, y en las de radar, una alta reflectividad, indicativo de la intensidad de las precipitaciones, que iban acompañadas de tormentas, como indicaban los registros de rayos. En Ayamonte comenzó a llover de madrugada, pero hacia las 9 h los chubascos se intensificaron, llegando a registrarse 60,5 mm  en 3 horas, y cerca de 60 mm en 1 hora, con intensidades puntuales de precipitación de 115 mm/h, que produjeron numerosas inundaciones.";"Un Sistema Convectivo de Mesoscala se había formado al sur de Portugal de madrugada, y mientras se desplazaba hacia el este, se iba desarrollando y realimentando, dejando a su paso vientos de componente sur muy fuertes, chubascos muy intensos y persistentes, y tormentas. En concreto, en Ayamonte, empezó a llover de madrugada, pero hacia las 9 h descargó un chubasco muy intenso durante unos 45 minutos, que produjo numerosas inundaciones.";"NO";"NO";"inundaciones";"inundaciones";"";"";"";"Información en los medios, Información en sitios webs, Fotos o videos del evento, Fotos o videos de los daños";"";"";"";"";"";"";"";"";"45 minutos";"";"";"";"";"";"";"";"";"";"";"";"";"61";"08:40";"";"19";"";"";"60";"";"66";"Si";"Sólo lluvia";"SD";"";"";"";"";"";"";"";"";"";"";"";"";"";"";"";"";"";"";"";"";"";""
"2173";"https://sinobas.aemet.es/index.php?pag=detal&rep=2173";"egarciat";"AEMET";"2025-10-29";"11:10";"+/- 15 minutos";"2025-11-19";"Precipitación Súbita Torrencial";"Alta";"37.259";"-6.517";"70";"Huelva";"Almonte";"C. Alcalde Mojarro, 3A, 21730 Almonte, Huelva, España";"21730";"Durante la mañana del 29 de octubre de 2025 se estaba formando, al sur de Portugal, un Sistema Convectivo de Mesoscala que avanzaba hacia el este. La situación meteorológica (vaguada, con embolsamiento de aire frío en altura, una baja en superficie con frente cálido asociado, inestabilidad térmica y dinámica, y gran cizalladura vertical, sobre todo direccional) era muy favorable a la formación de células convectivas organizadas en la zona del Golfo de Cádiz. En las imágenes de satélite se aprecia el gran desarrollo de estas células, y en las de radar, una alta reflectividad, indicativo de la intensidad de las precipitaciones, que iban acompañadas de tormentas, como indicaban los registros de rayos. En Almonte comenzó a llover de madrugada, pero hacia las 11 h los chubascos se intensificaron, llegando a registrarse 78 mm en 3 horas, y 64 mm en 1 hora, con intensidades puntuales de precipitación de 120 mm/h, que produjeron numerosas inundaciones.";"Durante la mañana del 29 de octubre de 2025 se estaba formando, al sur de Portugal, un Sistema Convectivo de Mesoscala que avanzaba hacia el este. La situación meteorológica (vaguada, con embolsamiento de aire frío en altura, una baja en superficie con frente cálido asociado, inestabilidad térmica y dinámica, y gran cizalladura vertical, sobre todo direccional) era muy favorable a la formación de células convectivas organizadas en la zona del Golfo de Cádiz. El Sistema Convectivo de Mesoscala se iba realimentando a la vez que se desarrollaba y se desplazaba al este. En las imágenes de satélite se aprecia el gran desarrollo de estas células, y en las de radar, una alta reflectividad, indicativo de la intensidad de las precipitaciones, que iban acompañadas de tormentas, como indicaban los registros de rayos. En Almonte comenzó a llover de madrugada, pero hacia las 11 h los chubascos se intensificaron, llegando a registrarse 78 mm en 3 horas, y 64 mm en 1 hora, con intensidades puntuales de precipitación de 120 mm/h, que produjeron numerosas inundaciones.";"NO";"NO";"Inundaciones";"Inundaciones";"";"";"";"Información en los medios, Información en sitios webs, Fotos o videos del evento, Fotos o videos de los daños";"";"";"";"";"";"";"";"";"45 minutos";"";"";"";"";"";"";"";"";"";"";"";"";"78";"11:00";"";"20";"";"";"64";"";"105";"Si";"Sólo lluvia";"SD";"";"";"";"";"";"";"";"";"";"";"";"";"";"";"";"";"";"";"";"";"";""
"2174";"https://sinobas.aemet.es/index.php?pag=detal&rep=2174";"earamburu";"";"2025-11-21";"00:15";"+/- 1 minuto";"2025-11-21";"Granizada Singular";"Alta";"43.320";"-1.947";"44";"Gipuzkoa";"Donostia / San Sebastián";"Parada Baserria Kalea, 60, 20015 Donostia / San Sebastián, Gipuzkoa, España";"20015";"El fenómeno sucede en la estación 1024C de AEMET y alrededores";"Granizada singular no engelante, de granizo pequeño pero abundante, obstruyendo cañerías y apilándose encima de parabrisas de vehículos. Sucede tras la llegada de un pequeño núcleo, que se deduce ser un Cumulus Congestus, sin aparato eléctrico. Los hechos suceden durante la noche en la que llega una masa de aire polar ártica a -36ºC en 500hPa, 5.2º en superficie en el momento del evento";"NO";"NO";"";"";"";"";"";"Testigo del evento, Informe por un aficionado entrenado";"";"";"";"";"";"";"";"";"15 minutos";"";"";"";"";"";"";"";"Menor de 0,5";"Menor de 0,5";"SD";"2";"SD";"";"";"";"";"";"";"";"";"";"";"";"";"";"";"";"";"";"";"";"";"";"";"";"";"";"";"";"";"";"";"";"";"";""
"2175";"https://sinobas.aemet.es/index.php?pag=detal&rep=2175";"jprodriguezg";"";"2025-11-21";"08:00";"+/- 1 hora";"2025-11-24";"Tornado / Tromba Marina";"Alta";"39.763";"2.627";"0";"Illes Balears";"S'Empeltada";"QJ7G+5Q S'Empeltada, España";"07179";"";"Manga marina observada gracias a vídeos y fotografías";"NO";"NO";"";"";"";"";"";"Fotos o videos del evento";"Tromba Marina";"1";"";"SD";"SD";"";"Si";"1";"SD";"";"SD";"SD";"SD";"SD";"";"";"";"";"";"";"";"";"";"";"";"";"";"";"";"";"";"";"";"";"";"";"";"";"";"";"";"";"";"";"";"";"";"";"";"";"";"";"";"";""
"2176";"https://sinobas.aemet.es/index.php?pag=detal&rep=2176";"jprodriguezg";"";"2025-11-26";"09:15";"+/- 1 hora";"2025-11-27";"Granizada Singular";"Alta";"39.704";"3.439";"72";"Illes Balears";"Capdepera";"Carrer de sa Taulera, 14, 07580 Capdepera, Illes Balears, España";"07580";"";"Línea de tormentas que dejó una granizada que cubrió el municipio, acumulando varios centímetros de espesor.";"NO";"NO";"";"";"";"";"";"Información en los medios, Fotos o videos del evento";"";"";"";"";"";"";"";"";"60 minutos";"";"";"";"";"";"";"";"SD";"SD";"SD";"3";"SD";"";"";"";"";"";"";"";"";"";"";"";"";"";"";"";"";"";"";"";"";"";"";"";"";"";"";"";"";"";"";"";"";"";""
"2177";"https://sinobas.aemet.es/index.php?pag=detal&rep=2177";"jprodriguezg";"";"2025-11-25";"23:30";"+/- 3 horas";"2025-11-27";"Granizada Singular";"Alta";"39.702";"3.435";"100";"Illes Balears";"Capdepera";"Carrer del Migdia, 6, 07580 Capdepera, Illes Balears, España";"07580";"";"Línea de tormentas acompañadas de granizo con tamaños máximos de 3 cm aproximadamente";"NO";"NO";"";"";"";"";"";"Información en los medios, Fotos o videos del evento";"";"";"";"";"";"";"";"";"20 minutos";"";"";"";"";"";"";"";"Entre 3 y 4";"SD";"SD";"1";"SD";"";"";"";"";"";"";"";"";"";"";"";"";"";"";"";"";"";"";"";"";"";"";"";"";"";"";"";"";"";"";"";"";"";""
"2178";"https://sinobas.aemet.es/index.php?pag=detal&rep=2178";"ProyectoMastral";"AMETSE";"2025-12-12";"14:00";"+/- 5 minutos";"2025-12-12";"Tuba";"Alta";"37.974";"-0.675";"0";"Alicante";"Torrevieja";"P.º Juan Aparicio, 10, 03182 Torrevieja, Alicante, España";"03182";"Tuba vista formándose frente a la costa de Torrevieja y Orihuela.";"Sobre las dos de la tarde y coincidiendo con la entrada de nubosidad y lluvias débiles, se vió formándose una tuba frente a la costa de Torrevieja y Orihuela. No llegó a tocar el agua.";"NO";"NO";"Ninguno";"Ninguno";"0";"0";"0";"Informado por un testigo del evento, Fotos o videos del evento";"";"1";"";"";"";"";"";"";"5 minutos";"Lluvia ligera o moderada";"";"";"";"";"30%";"";"";"";"";"";"";"";"";"";"";"";"";"";"";"";"";"";"";"";"";"";"";"";"";"";"";"";"";"";"";"";"";"";"";"";"";"";"";"";""
"2179";"https://sinobas.aemet.es/index.php?pag=detal&rep=2179";"egarciat";"AEMET";"2025-10-29";"09:00";"+/- 15 minutos";"2025-12-15";"Tornado / Tromba Marina";"Alta";"37.199";"-7.326";"3";"Huelva";"Isla Cristina";"C. Conde Vallellano, 64B, 21410 Isla Cristina, Huelva, España";"21410";"En la mañana del 29 de octubre de 2025 se formó un Sistema Convectivo de Mesoscala en el sur de Portugal, que se fue desplazando al E, afectando a la provincia de Huelva. En concreto en Isla Cristina se produjeron vientos muy fuertes y lluvias muy intensas que provocaron daños y anegaciones en numerosos puntos.";"En la mañana del 29 de octubre de 2025 se formó un sistema convectivo muy activo en la costa sur de Portugal, que se fue desarrollando y desplazando al E, penetrando en la provincia de Huelva, donde dejó lluvias torrenciales y vientos muy fuertes en numerosos lugares. En superficie se observa una pequeña baja con fuerte gradiente de presión, un frente cálido y una línea de inestabilidad, situación que determinaba gran inestabilidad mecánica y térmica, que junto con la intensa cizalladura vertical es compatible con la convección organizada, y favorable a la posible formación de tornados. En las imágenes de satélite se observan grandes desarrollos convectivos, y en las de radar altas reflectividades y topes elevados, con bastante actividad eléctrica. Hacia las 9 h, en Isla Cristina se observa un aumento del viento y una intensificación de la precipitación y de las descargas eléctricas. La cercana estación meteorológica de Ayamonte muestra registros consistentes con el paso de un sistema convectivo, pero que no pueden justificar los daños observados en Isla Cristina, por lo que estos debieron estar asociados a algún fenómeno de viento convectivo de carácter local. Es probable que hacia las 9 h, un tornado con vientos en torno a los 150 Km/h produjera los daños observados en Isla Cristina.";"NO";"NO";"Levantamiento de techado de quiosco, árboles caídos, cable eléctrico en la vía, poste de alta tensión caído, así como muros y placas solares.";"Varios árboles caídos.";"";"";"";"Información en los medios, Información en sitios webs, Fotos o videos del evento, Fotos o videos de los daños";"Tornado";"1";"";"EF1: 138-178 km/h";"SD";"";"No";"1";"SD";"Lluvia fuerte, Tormenta";"Entre 1 y 2 km";"SD";"SD";"suroeste a noreste";"";"";"";"";"";"";"";"";"";"";"";"";"";"";"";"";"";"";"";"";"";"";"";"";"";"";"";"";"";"";"";"";"";"";"";"";"";"";"";"";""
"2180";"https://sinobas.aemet.es/index.php?pag=detal&rep=2180";"TiempoIlicitano";"";"2025-12-16";"15:25";"+/- 1 minuto";"2025-12-17";"Tuba";"Alta";"38.258";"-0.708";"72";"Alicante";"Elx";"Carrer del Capità Antoni Mena, 133, 03204 Elx, Alicante, España";"03204";"Norte del término municipal de Elche, visto desde el barrio del Pla-Sector V";"En la tarde del 15/12/2024 existía gran inestabilidad en la atmósfera junto a una situación muy adversa, con importantes desarrollos verticales de la nubosidad. Hacia las 15:24 horas, tras el gran desarrollo vertical de una nube tormentosa, comienza a descender en forma de rotación vapor de agua y agua líquida, dando lugar a la tuba.";"NO";"NO";"-";"-";"0";"0";"0";"Testigo del evento";"";"1";"";"";"";"";"";"";"4 minutos";"Sin Precipitación, Tormenta";"";"";"";"";"SD";"";"";"";"";"";"";"";"";"";"";"";"";"";"";"";"";"";"";"";"";"";"";"";"";"";"";"";"";"";"";"";"";"";"";"";"";"";"";"";""
"2181";"https://sinobas.aemet.es/index.php?pag=detal&rep=2181";"ProyectoMastral";"AMETSE";"2025-12-17";"13:50";"+/- 5 minutos";"2025-12-17";"Tornado / Tromba Marina";"Alta";"37.927";"-0.721";"0";"Alicante";"Orihuela";"C. la Marina, 22, 03189 Orihuela, Alicante, España";"03189";"Manga marina divisada desde la costa de Torrevieja y Orihuela Costa.";"Sobre las 13:53 horas se pudo divisar una manga marina desde la costa de Torrevieja y Orihuela Costa. Desde Torrevieja no se percibía el contacto con el agua, pero en el vídeo desde Orihuela Costa se ve perfectamente como llega a tocar el agua.";"NO";"NO";"Ninguno";"Ninguno";"0";"0";"0";"Informado por un testigo del evento, Fotos o videos del evento";"Tromba Marina";"1";"";"SD";"SD";"";"Si";"1";"5 minutos";"Sin Precipitación";"SD";"SD";"SD";"noreste a suroeste";"";"";"";"";"";"";"";"";"";"";"";"";"";"";"";"";"";"";"";"";"";"";"";"";"";"";"";"";"";"";"";"";"";"";"";"";"";"";"";"";""
"2182";"https://sinobas.aemet.es/index.php?pag=detal&rep=2182";"MeteOrihuela";"FrostSE";"2025-12-17";"13:50";"+/- 5 minutos";"2025-12-18";"Tornado / Tromba Marina";"Media";"37.770";"-0.816";"1";"Murcia";"Los Alcázares";"Cam. al Camping Mar Menor, 2651, 30730 Los Alcázares, Murcia, España";"30730";"Desde el Camping Mar Menor, entre Los Narejos y Santiago de la Ribera, con excelentes vistas hacia La Manga del Mar Menor.";"Configuración atmosférica con un flujo muy marcado de este-noreste a oeste-suroeste, aportando humedad, dando lugar a la formación de núcleos de precipitación en alta mar que fueron penetrando a tierra con el paso de las horas. En torno a las 13:50 hora local, se observa en el radar meteorológico de Murcia reflectividades de hasta 48 dBZ frente a la costa norte del Mar Menor, pudiendo estar asociadas a la formación de la tromba o manga marina a la que se hace alusión en este reporte.";"NO";"NO";"";"";"";"";"";"Informado por un testigo del evento, Fotos o videos del evento, Informe por un aficionado entrenado";"Tromba Marina";"1";"";"SD";"SD";"";"Si";"1";"5 minutos";"Lluvia ligera o moderada";"SD";"SD";"SD";"noreste a suroeste";"";"";"";"";"";"";"";"";"";"";"";"";"";"";"";"";"";"";"";"";"";"";"";"";"";"";"";"";"";"";"";"";"";"";"";"";"";"";"";"";""
"2183";"https://sinobas.aemet.es/index.php?pag=detal&rep=2183";"oierseoanerubio";"";"2025-11-25";"01:30";"+/- 5 minutos";"2025-12-18";"Granizada Singular";"Baja";"43.190";"-2.053";"55";"Gipuzkoa";"Villabona";"Kale Berria, 11, 20150 Villabona, Gipuzkoa, España";"20150";"Villabona, Gipuzkoa, País Vasco, España";"Debido a una entrada marítimo - polar y a una temperatura del mar Cantabrico anormalmente alta, daba lugar a un contraste muy marcado y a una mayor peligrosidad de fuertes precipitaciones. Los chubascos convectivos se fueron generalizando durante toda la jornada, siendo estos más frecuentes e intensos por la noche, cuando sucedió el fenómeno. Durante la 1:00 de la mañana se forma una tormenta sobre el Cantabrico Oriental a pocos kilómetros de la costa entre Zarauz y San Sebastián que se desplaza de NW-SE, al entrar al interior sufre una explosión convectiva, dejando algunas descargas eléctricas entre Villabona y Zizurkil, el chubascos afectó a la zona durante varios minutos y se regeneró dando lugar a precipitaciones persistentes en forma de granizo. En total se acumularon 8,2 l/M2 según la estación de Euskalmet, precipitación que fue en forma de lluvia y granizo.";"NO";"NO";"Accidente en la A-1 dirección Irún";"Algunas ramas rotas y una crecida del río Oria como consecuencia de las fuertes precipitaciones.";"0";"0";"0";"Testigo del evento, Testigo de los daños, Informado por un testigo del evento, Fotos o videos del evento, Fotos o videos de los daños";"";"";"";"";"";"";"";"";"15 minutos";"";"";"";"";"";"";"";"Entre 0,5 y 1";"Entre 0,5 y 1";"SD";"2";"Hielo claro";"";"";"";"";"";"";"";"";"";"";"";"";"";"";"";"";"";"";"";"";"";"";"";"";"";"";"";"";"";"";"";"";"";""
"2184";"https://sinobas.aemet.es/index.php?pag=detal&rep=2184";"GDStudios";"";"2025-12-24";"15:00";"+/- 6 horas";"2025-12-24";"Granizada Singular";"Alta";"36.724";"-4.258";"70";"Málaga";"Rincón de la Victoria";"Diseminado Diseminados, 730, 29738 Rincón de la Victoria, Málaga, España";"29738";"Esta granizada se ha producido en el Rincón de la Victoria, Benagalbón, Cajiz, Benajarafe, Chilches, Algarrobo, Torre del Mar, Vélez Málaga, Almayate, Caleta de Vélez, Mezquitilla, Lagos, La Viñuela, y el resto de la Axarquía por el sur";"El fenómeno se produjo sobre la hora de comer, con una humedad muy elevada, el Rocío de la mañana nivelado con la temperatura y una pequeña dosis de energía de convecividad fue suficiente para desatar una corriente ascendente sobre las 14:30 de la tarde, identifiqué una tormenta de carácter “estático“ hasta que a las 15:00 empezó a tomar rumbo hacia el este de manera diagonal lentamente, Afectando a Vélez-Málaga a las 15:30 - 16:00, el primer núcleo muere absorbido por otra nube convectiva mar a dentro, que posteriormente afectó a Nerja, y se adentró en la costa granadina";"NO";"NO";"puertas atascadas, por el momento no sabemos más";"se desconoce";"";"";"";"Testigo del evento, Testigo de los daños, Fotos o videos del evento, Fotos o videos de los daños";"";"";"";"";"";"";"";"";"120 minutos";"";"";"";"";"";"";"";"Entre 2 y 3";"Entre 0,5 y 1";"SD";"2";"Hielo claro";"";"";"";"";"";"";"";"";"";"";"";"";"";"";"";"";"";"";"";"";"";"";"";"";"";"";"";"";"";"";"";"";"";""
"2185";"https://sinobas.aemet.es/index.php?pag=detal&rep=2185";"MeteOrihuela";"FrostSE";"2025-12-28";"17:50";"+/- 5 minutos";"2025-12-30";"Tornado / Tromba Marina";"Alta";"37.564";"-1.257";"2";"Murcia";"Puerto de Mazarrón";"Pl. Comunidades Autonomas, 2, 30860 Puerto de Mazarrón, Murcia, España";"30860";"Muelle e instalaciones portuarias de Puerto de Mazarrón";"Minutos antes de las 17:30 h una tormenta fue ganando entidad de manera muy significativa frente a la costa de Mazarrón (Murcia), adentrándose a tierra con reflectividades de hasta 60 dBZ minutos antes de las 18:00 h, siendo una señal inequívoca de fenómenos severos. Hay personas que aseguran haber identificado hasta 6 mangas o trombas marinas de forma simultánea en la lejanía. En cambio, otras solo vieron 4. De cualquier forma, uno de esos vórtices llegó a las instalaciones portuarias del Puerto de Mazarrón, arrasando con todo lo que encontraba a su paso.";"NO";"NO";"Daños en al menos un vehículo, decenas de embarcaciones, almacén, muro del muelle pesquero, comercios y establecimientos ubicados en el paseo marítimo, cartelería, farolas, enrejados, mástiles, casetas...";"";"";"0";"0";"Informado por un testigo del evento, Informado por un testigo de los daños, Información en los medios, Información en sitios webs, Fotos o videos del evento, Fotos o videos de los daños, Informe por un aficionado entrenado";"Tromba Marina";"4";"";"SD";"SD";"";"Si";"4";"10 minutos";"Lluvia fuerte, Granizo pequeño (&lt;0,5 cm.), Polvo o arena levantado por el viento, Tormenta";"Entre 0,5 y 1 km";"50 metros";"70 metros";"sureste a noroeste";"";"";"";"";"";"";"";"";"";"";"";"";"";"";"";"";"";"";"";"";"";"";"";"";"";"";"";"";"";"";"";"";"";"";"";"";"";"";"";"";""
"2186";"https://sinobas.aemet.es/index.php?pag=detal&rep=2186";"jprodriguezg";"";"2025-12-29";"12:00";"+/- 3 horas";"2026-01-12";"Tornado / Tromba Marina";"Alta";"39.890";"4.067";"0";"Illes Balears";"Son Bou";"V3Q8+WM Son Bou, España";"07730";"";"Tromba marina sin impacto conocido en tierra";"NO";"NO";"";"";"";"";"";"Fotos o videos del evento";"Tromba Marina";"1";"";"SD";"SD";"";"Si";"1";"SD";"Lluvia fuerte";"SD";"SD";"SD";"SD";"";"";"";"";"";"";"";"";"";"";"";"";"";"";"";"";"";"";"";"";"";"";"";"";"";"";"";"";"";"";"";"";"";"";"";"";"";"";"";"";""
"2187";"https://sinobas.aemet.es/index.php?pag=detal&rep=2187";"egarciat";"AEMET";"2025-11-13";"15:30";"+/- 15 minutos";"2026-01-20";"Tornado / Tromba Marina";"Alta";"37.525";"-7.363";"181";"Huelva";"El Granado";"GJFP+VR El Granado, España";"21594";"El 13 de noviembre de 2025, hacia las 15:30 h, un sistema convectivo lineal, asociado a la borrasca Claudia, entraba por el suroeste peninsular barriendo la provincia de Huelva, dejando a su paso chubascos fuertes, tormentas y rachas de viento muy fuertes.  En la zona de Huerto Ramírez, la, gran inestabilidad y elevada cizalladura vertical daban una situación favorable a la convección organizada desde primeras horas de la mañana, situación compatible con la posible formación de sistemas convectivos y supercélulas, acompañados de la posible ocurrencia de vientos lineales intensos de carácter local o pequeños tornados.";"El 13 de noviembre de 2025, a nivel sinóptico, en niveles medios y altos tenemos una profunda vaguada al suroeste de la Península, que engloba una masa de aire frío. En superficie se sitúa la borrasca Claudia al noroeste de la Península, con un centro secundario al oeste de la costa portuguesa, con un frente estacionario sobre Portugal y una línea de inestabilidad por delante. El gradiente de presión es elevado, lo que hace prever la ocurrencia de vientos muy fuertes. Esta situación determina la existencia de inestabilidad dinámica y térmica, y una gran cizalladura vertical, compatible con la formación de células convectivas organizadas. Hacia las 15:30 h, un sistema convectivo lineal, asociado a la borrasca Claudia, entraba por el suroeste peninsular barriendo la provincia de Huelva, dejando a su paso chubascos intensos, tormentas y rachas de viento muy fuertes. En las imágenes de satélite se observa a esa hora un frente muy bien definido, con grandes desarrollos sobre el Golfo de Cádiz. Por su parte, las imágenes del radar de Sevilla muestran hacia esa hora un sistema convectivo lineal en la frontera de Huelva con Portugal, con grandes reflectividades y topes muy altos. A la hora del suceso se observa en los registros de las estaciones de AEMET una caída de la temperatura, un pico de precipitación, un giro en la dirección del viento y un máximo de racha (con 110 Km/h medidos en Ayamonte, que pudieron superarse en otros puntos). En la zona de Huerto Ramírez se producen rachas muy fuertes de viento que arrancan árboles, rompen tejados y tendidos eléctricos, etc... Es probable que se produjeran vientos lineales intensos de carácter local o pequeños tornados (1,5 escala Fujita, con vientos de unos 180 Km/h) que produjesen todos los destrozos reportados.";"NO";"NO";"Tejado de una nave ganadera arrancado (chapas del tejado, y travesaños de hormigón), daños en el tendido eléctrico, desplazamiento de un remolque, otros destrozos en tejados.";"Árboles arrancados.";"";"";"";"Información en los medios, Información en sitios webs, Fotos o videos de los daños";"Tornado";"1";"";"EF2: 179-218 km/h";"SD";"";"No";"1";"SD";"Lluvia fuerte, Tormenta";"SD";"SD";"SD";"SD";"";"";"";"";"";"";"";"";"";"";"";"";"";"";"";"";"";"";"";"";"";"";"";"";"";"";"";"";"";"";"";"";"";"";"";"";"";"";"";"";""
"2188";"https://sinobas.aemet.es/index.php?pag=detal&rep=2188";"psolag";"";"2026-01-18";"14:00";"+/- 15 minutos";"2026-01-27";"Alud (Avalancha)";"Alta";"42.569";"0.543";"1954";"Huesca";"Cerler";"HG9V+F6 Cerler, España";"22449";"";"Una persona ha muerto al quedar sepultada bajo un alud que se ha registrado en la tarde de este domingo en el barranco de Puimestre, fuera de pistas, en la estación de Cerler, en el término municipal de Benasque";"NO";"NO";"";"";"";"";"1";"Informado por un testigo del evento, Informado por un testigo de los daños, Información en los medios, Información en sitios webs, Fotos o videos del evento";"";"";"";"";"";"";"";"";"";"";"SD";"SD";"SD";"SD";"";"";"";"";"";"";"";"";"";"";"";"";"";"";"";"";"";"";"";"";"";"";"";"";"";"Nieve suelta";"Polvo";"Seca";"4. Fuerte";"Natural";"";"";"SD";"SD";"0";"SD";"SD";"SD";"";"";""
"2189";"https://sinobas.aemet.es/index.php?pag=detal&rep=2189";"psolag";"";"2025-12-29";"13:10";"+/- 5 minutos";"2026-01-27";"Alud (Avalancha)";"Alta";"42.739";"-0.210";"2645";"Huesca";"Balneario de Panticosa";"PQQR+M4 Balneario de Panticosa, España";"22650";"";"Tragedia en el Pirineo oscense. Tres expertos montañeros que practicaban esquí han muerto este lunes en Panticosa por un alud en la cara oeste del pico Tablato, donde una gran avalancha de nieve ha segado la vida del conocido pediatra Jorge García-Dihinx, de su mujer, Natalia Ramón, y de un irundarra de nombre Eneko Arrastua. Han sido dos compañeros de expedición, dos vecinos de Ordizia (Guipúzcoa) y de Zaragoza, quienes han rescatado los cadáveres de dos de los fallecidos además de poner a salvo a una joven de 29 años que ha sido trasladada al hospital San Jorge de Huesca con hipotermia y varios golpes. En el operativo han participado una quincena de especialistas de la Guardia Civil, quienes apoyados por dos canes han hallado el cadáver de la tercera víctima bajo la nieve a unos 2.400 metros de altitud.";"NO";"NO";"";"";"";"1";"3";"Informado por un testigo del evento, Informado por un testigo de los daños, Información en los medios, Información en sitios webs, Fotos o videos del evento, Fotos o videos de los daños";"";"";"";"";"";"";"";"";"";"";"SD";"SD";"SD";"SD";"";"";"";"";"";"";"";"";"";"";"";"";"";"";"";"";"";"";"";"";"";"";"";"";"";"En bloque";"Denso";"Seca";"2. Limitado";"Natural";"";"";"SD";"SD";"0";"SD";"SD";"SD";"";"";""
"2190";"https://sinobas.aemet.es/index.php?pag=detal&rep=2190";"psolag";"";"2025-12-31";"19:40";"+/- 1 hora";"2026-01-27";"Alud (Avalancha)";"Alta";"42.668";"0.283";"2377";"Huesca";"Parzán";"M79M+34 Parzán, España";"22365";"";"Un montañero que quedó atrapado por un alud en el valle de Bielsa ha sido hallado muerto de madrugada por los servicios de rescate. El Grupo de Rescate Especial e Intervención en Montaña (Greim) ha localizado de madrugada el cadáver de un hombre al que se dio por desaparecido a última hora del día de Nochevieja en la zona de Urdiceto, en el Valle de Bielsa, después de quedar sepultado por un alud cuando realizaba una excursión con raquetas junto a otro varón. La víctima tenía 54 años y había nacido en Madrid, aunque era vecino de Zaragoza. Su compañero, de 46 años y residente en Madrid, ha resultado ileso. De hecho fue él quien dio la voz de alarma de lo ocurrido.";"NO";"NO";"";"";"";"";"1";"Informado por un testigo del evento, Información en los medios, Información en sitios webs, Fotos o videos del evento";"";"";"";"";"";"";"";"";"";"";"SD";"SD";"SD";"SD";"";"";"";"";"";"";"";"";"";"";"";"";"";"";"";"";"";"";"";"";"";"";"";"";"";"Nieve suelta";"Denso";"Seca";"3. Notable";"Natural";"";"";"SD";"SD";"0";"SD";"SD";"SD";"";"";""
"2191";"https://sinobas.aemet.es/index.php?pag=detal&rep=2191";"GDStudios";"";"2026-01-27";"18:15";"+/- 1 minuto";"2026-01-27";"Tuba";"Imposible de validar";"36.693";"-4.631";"250";"Málaga";"Cártama";"M9V9+9Q Cártama, España";"29570";"Se produjo sobre un terreno urbanizable";"Sucedió entre las 18:15 de la tarde en torno a Cártama, un embudo de carácter mesociclónico toma forma e intenta como generar un tornado que no llega a tocar tierra, debido al poco CAPE presente, pero la Cizalladura calculada con el sondeo del modelo de predicción ECMWF es de 22m/s de manera unidireccional, suficiente para haber formado el embudo, se ve mal porque se me ocurrió la brillante idea de irme a fotografiar otros fenómenos en Yunquera, a unos 30 km del fenómeno, solo supe los primeros 5 minutos de este";"NO";"NO";"Se desconoce";"Se desconoce";"";"";"";"Testigo del evento, Fotos o videos del evento";"";"1";"";"";"";"";"";"";"5 minutos";"Lluvia ligera o moderada";"";"";"";"";"20%";"";"";"";"";"";"";"";"";"";"";"";"";"";"";"";"";"";"";"";"";"";"";"";"";"";"";"";"";"";"";"";"";"";"";"";"";"";"";"";""
"2192";"https://sinobas.aemet.es/index.php?pag=detal&rep=2192";"drequejo";"";"2026-02-02";"09:00";"+/- 1 hora";"2026-02-02";"Reventón / Frente de racha";"Baja";"40.295";"-4.757";"620";"Ávila";"Casavieja";"C. Lagunillas a, 134, 05450 Casavieja, Ávila, España";"05450";"";"en cuestion de 2 minutos un fuerte ruedo y vientos que nunca vi en esta zona";"NO";"NO";"Desplazamiento de objetos de gran tamaño tipo cubos de basura, camas elásticas, vallas destruidas o tiradas y alambradas arrancadas, muebles y barbacoas en fincas aledañas.";"Arboles y plantas dañados";"500";"0";"0";"Testigo de los daños, Informado por un testigo del evento, Informado por un testigo de los daños, Fotos o videos del evento, Fotos o videos de los daños";"";"";"Tornado";"EF0: 105-137 km/h";"T1: 87-115 km/h";"120";"";"";"2 minutos";"Lluvia ligera o moderada, Lluvia fuerte, Tormenta";"SD";"SD";"SD";"SD";"";"";"";"";"";"";"";"";"";"";"";"";"";"";"";"";"";"";"";"";"";"";"";"";"";"";"";"";"";"";"";"";"";"";"";"";"";"";"";"";""
"2193";"https://sinobas.aemet.es/index.php?pag=detal&rep=2193";"jprodriguezg";"";"2026-02-03";"16:25";"+/- 5 minutos";"2026-02-04";"Tornado / Tromba Marina";"Alta";"39.525";"2.705";"-3";"Illes Balears";"Can Pastilla";"GPF4+W5 Can Pastilla, España";"07610";"";"Chubasco en el mar con manga marina estrecha en sus proximidades";"NO";"NO";"";"";"";"";"";"Fotos o videos del evento";"Tromba Marina";"1";"";"SD";"SD";"";"Si";"1";"10 minutos";"Lluvia ligera o moderada";"SD";"SD";"SD";"SD";"";"";"";"";"";"";"";"";"";"";"";"";"";"";"";"";"";"";"";"";"";"";"";"";"";"";"";"";"";"";"";"";"";"";"";"";"";"";"";"";""
"2194";"https://sinobas.aemet.es/index.php?pag=detal&rep=2194";"macucri";"";"2026-02-02";"07:45";"+/- 15 minutos";"2026-02-05";"Reventón / Frente de racha";"Alta";"36.374";"-6.187";"8";"Cádiz";"Chiclana de la Frontera";"C. Sirena, 38B, 11139 Chiclana de la Frontera, Cádiz, España";"11139";"Playa de La Barrosa y su entorno próximo";"Sobre las 07:30-07:45 del lunes 2 de febrero de 2025, tras una noche de lluvias, se inició bruscamente un viento mucho mas fuerte del que había estado soplando hasta el momento acompañado de un ligero granizo inicial seguido de un fortísimo aguacero";"NO";"NO";"Tejas arrancadas, algún mobiliario de patios levantado del suelo y caído cerca";"Pinos caídos en entorno urbano de chalets y casas bajas";"";"";"";"Testigo del evento, Testigo de los daños, Fotos o videos de los daños";"";"";"Tornado";"SD";"SD";"100";"";"";"15 minutos";"Lluvia fuerte, Granizo pequeño (&lt;0,5 cm.)";"SD";"SD";"SD";"SD";"";"";"";"";"";"";"";"";"";"";"";"";"";"";"";"";"";"";"";"";"";"";"";"";"";"";"";"";"";"";"";"";"";"";"";"";"";"";"";"";""
"2195";"https://sinobas.aemet.es/index.php?pag=detal&rep=2195";"kevinbor";"";"2026-02-14";"09:55";"+/- 5 minutos";"2026-02-14";"Viento de Ladera";"Media";"39.220";"-3.607";"630";"Ciudad Real";"Villarrubia de los Ojos";"C. Emilio Nieto, 27, 13670 Villarrubia de los Ojos, Ciudad Real, España";"13670";"Rachas de viento sostenido por encima de los 80 km/hora. Se reportan roturas en tejados, caída de fachadas, desprendimientos, levantamiento de tejas, caída de árboles, etc...";"Tras el paso de la borrasca Oriana las isobaras se unen dando lugar a un pasillo de vientos de componente norte, con rachas de nivel de aviso naranja. La AEMET no mantiene aviso en la zona, pero las estaciones meteorológicas locales, incluida la del Ayuntamiento reportan rachas de viento superiores a los 80km/h, equivalente a un nivel de aviso naranja para la población. Este reporte es efectuado por el geógrafo y meteorólogo Kevin Bórnez.";"NO";"NO";"Se reportan a MeteoVillarrubia daños en viviendas por el levantamiento de tejados, caída de muros, mobiliario y árboles.";"";"";"";"";"Testigo del evento, Testigo de los daños, Informado por un testigo de los daños, Fotos o videos del evento, Fotos o videos de los daños, Informe por un meteorólogo profesional";"";"";"";"menor que EF0";"SD";"81";"";"";"60 minutos";"Sin Precipitación";"Mayor de 50 km";"SD";"SD";"norte a sur";"";"";"";"";"";"";"";"";"";"";"";"";"";"";"";"";"";"";"";"";"";"";"";"";"";"";"";"";"";"";"";"";"";"";"";"";"";"";"";"";""
"2196";"https://sinobas.aemet.es/index.php?pag=detal&rep=2196";"lbanonp";"AEMET";"2026-01-21";"22:00";"+/- 1 hora";"2026-02-16";"Reventón / Frente de racha";"Alta";"39.721";"-2.221";"832";"Cuenca";"Valverde de Júcar";"C. Leones, 44, 16100 Valverde de Júcar, Cuenca, España";"16100";"A últimas horas del 21 de enero de 2026, unas rachas de viento asociadas a una tormenta provocaron la caída de unas 50 estelas funerarias de mármol y de piedra, y de unos 6 o 7 cipreses de dos tipos.";"El fenómeno afectó principalmente al cementerio del pueblo, pero algunos testigos comentaron el ruido atronador que oyeron durante esos minutos.";"NO";"NO";"Caída de unas 50 estelas funerarias de mármol y de piedra por el viento. 
En una nave volaron alguna estructura metálica.";"Caída de 5 o 6 cipreses que, a su vez, rompieron varias tumbas. Tronchado de dos cipreses de unos 10 metros a la altura de unos 6 metros.
En otras zonas se encontraron pinos tumbados y olivos jóvenes tumbados.";"";"0";"0";"Testigo de los daños, Informado por un testigo del evento, Informado por un testigo de los daños, Información en los medios, Fotos o videos del evento, Fotos o videos de los daños";"";"";"";"EF0: 105-137 km/h";"SD";"140";"";"";"1 minuto";"Granizo pequeño (&lt;0,5 cm.), Tormenta";"Entre 1 y 2 km";"Menor de 0,5 km";"Menor de 0,5 km";"suroeste a noreste";"";"";"";"";"";"";"";"";"";"";"";"";"";"";"";"";"";"";"";"";"";"";"";"";"";"";"";"";"";"";"";"";"";"";"";"";"";"";"";"";""
"2197";"https://sinobas.aemet.es/index.php?pag=detal&rep=2197";"jdsoriano";"AEMET";"2026-02-02";"07:25";"+/- 15 minutos";"2026-02-16";"Reventón / Frente de racha";"Alta";"37.348";"-6.067";"68";"Sevilla";"Mairena del Aljarafe";"Poligono Ausu, 34M, 41927 Mairena del Aljarafe, Sevilla, España";"41927";"Vientos muy fuertes al paso de una banda estrecha de precipitación en un frente frío, afectando a diversas localidades. Inicialmente, en la provincia de Sevilla se tiene constancia de daños en puntos de los siguientes municipios: Mairena del Aljarafe, Sanlúcar la Mayor, Gines, Espartinas, Bollullos de la Mitación, Gelves, Dos Hermanas, Los Palacios (El Trobal), Dos Hermanas, Lebrija, Alcalá de Guadaíra diversas informaciones incluyen también otros municipios de la provincia.";"En el borde delantero de un frente frío se formó una banda estrecha de precipitación. Esta banda se caracterizaba por un patrón de reflectividad en forma de S, con máximos y mínimos alternos, con presencia de pequeños vórtices o misociclones visibles en las imágenes de viento radial. Estos misociclones pueden producir vientos lineales intensos o incluso pequeños tornados, con afectación local. Esto explicaría los daños producidos en diversas localidades al paso de  la banda de precipitación realzada, no justificables con los registros de viento en las estaciones de AEMET. Los testimonios existentes coinciden en un episodio de muy corta duración. Entre los episodios locales destaca un tornado que afectó a una planta solar en el municipio de Sanlúcar la Mayor. El resto de episodios no puede clasificarse de forma concreta por falta de evidencias suficientes, pudiendo incluir vientos lineales muy fuertes asociados al flanco sur de los misociclones, algún reventón y algún pequeño tornado.";"NO";"NO";"Antena de telefonía colapsada, casetas de obra volcadas, carteles publicitarios aplastados, caída de placas solares, muros, revestimiento de paredes, etc. Postes eléctricos caídos. Coches dañados por caída de árboles y ramas. Vuelco de un camión en SE-30 (Sevilla), Caída de muro trasero de nave en Dos Hermanas. Daños en invernaderos. Etc.";"Caída de árboles (algunos tronchados) y ramas, tanto en zonas urbanas como semiurbanas";"";"5";"";"Testigo de los daños, Informado por un testigo del evento, Informado por un testigo de los daños, Información en los medios, Información en sitios webs, Fotos o videos del evento, Fotos o videos de los daños";"";"";"Vórtice de racha, Tornado";"SD";"SD";"150";"";"";"SD";"Lluvia fuerte";"SD";"SD";"SD";"oeste a este";"";"";"";"";"";"";"";"";"";"";"";"";"";"";"";"";"";"";"";"";"";"";"";"";"";"";"";"";"";"";"";"";"";"";"";"";"";"";"";"";""
"2198";"https://sinobas.aemet.es/index.php?pag=detal&rep=2198";"jdsoriano";"AEMET";"2026-02-02";"07:15";"+/- 5 minutos";"2026-02-16";"Tornado / Tromba Marina";"Alta";"37.414";"-6.278";"36";"Sevilla";"Castilleja del Campo";"CP7C+HJ Castilleja del Campo, España";"41810";"Planta solar Solnova, en el municipio de Sanlúcar la Mayor. Daños también en un cortijo colindante.";"En el borde delantero de un frente frío se formó una banda estrecha de precipitación. Esta banda se caracterizaba por un patrón de reflectividad en forma de S, con máximos y mínimos alternos, con presencia de pequeños vórtices o misociclones visibles en las imágenes de viento radial. Estos misociclones pueden producir vientos lineales intensos o incluso pequeños tornados, con afectación local. Esto explicaría los daños producidos en diversas localidades al paso de la banda de precipitación realzada, no justificables con los registros de viento en las estaciones de AEMET. Los testimonios existentes coinciden en un episodio de muy corta duración. Entre los episodios locales estaría el tornado que se describe en este reporte.
Testimonios de empleados que se encontraban en el edificio de oficinas de la central a varios cientos de metros de la trayectoria, hablan de un “ruido intempestivo” y de que varias ventanas del edificio se abrieron. Escucharon muchos golpes asociados a los destrozos en el exterior y, tras un tiempo que percibieron como de unos minutos, el viento amainó.";"NO";"NO";"Seguidores solares colapsados, dejando un rastro de destrucción total a lo largo de la central. Daños también en un cortijo colindante: muro de ladrillos huecos de hormigón derribado, vallas tumbadas, gran chapa metálica y tapa de depósito desplazadas.";"Encinas (al parecer centenarias) arrancadas de raíz. Un tronco tronchado y descortezado";"";"";"";"Testigo del evento, Testigo de los daños, Informado por un testigo del evento, Informado por un testigo de los daños, Fotos o videos de los daños";"Tornado";"1";"";"SD";"SD";"103";"No";"1";"SD";"Lluvia fuerte";"Entre 1 y 2 km";"100 metros";"SD";"suroeste a noreste";"";"";"";"";"";"";"";"";"";"";"";"";"";"";"";"";"";"";"";"";"";"";"";"";"";"";"";"";"";"";"";"";"";"";"";"";"";"";"";"";""
"2199";"https://sinobas.aemet.es/index.php?pag=detal&rep=2199";"molinos";"";"2026-02-14";"00:05";"+/- 1 día";"2026-02-17";"Reventón / Frente de racha";"No Validado";"40.903";"-3.878";"1149";"Madrid";"Rascafría";"C. del Rosario, 49, 28740 Rascafría, Madrid, España";"28740";"";"Las rachas de viento registradas a 2 Km no han superado los 79 Km/h , pero alguna de la estructuras/elementos de soporte de paneles fotovoltaicos suele estar certificadas para soportar rachas huracanadas. Las chimeas afectadas que he observado han soportado oficialmente, durante mas de 40 años, rachas y vientos continúos muy superiores a los registrados. Las incidencias se produjeron bajo alerta naranja por vientos. Estos fenómenos han reproducido a distinta horas durante la última semana. Aunque parece que aumentan entra dos y cinco de la mañana (coinciden con fallos en el suministro eléctrico)";"NO";"NO";"Ha movido una parte de un tejado de unos 400 m2 de teja de hormigón.
han caído tejas a la calle desde una altura de mas de 15m

Cerca se han roto estructuras de pacas solares en la gasolinera de cesa, estando estas certificadas para soportar rachas huracanadas.
Han habido incidentes similares próximos (radio de 1,5 Km) arrancando parcial / totalmente chimeneas. Las rachas de viento han afectado de forma muy localizada a unos elementos sin afectar a otros similares distanciados  a unos 20 m .";"";"";"";"";"Testigo de los daños, Fotos o videos de los daños";"";"";"";"SD";"SD";"130";"";"";"SD";"Sin Precipitación";"SD";"SD";"Menor de 0,5 km";"SD";"";"";"";"";"";"";"";"";"";"";"";"";"";"";"";"";"";"";"";"";"";"";"";"";"";"";"";"";"";"";"";"";"";"";"";"";"";"";"";"";""
"2200";"https://sinobas.aemet.es/index.php?pag=detal&rep=2200";"cjimenezn";"AEMET";"2025-12-28";"16:00";"+/- 1 hora";"2026-02-23";"Tornado / Tromba Marina";"Alta";"36.814";"-2.052";"9";"Almería";"La Isleta";"Pl. de Escullos, 12, 04118 La Isleta, Almería, España";"04118";"";"El 28 de diciembre de 2025 se dieron condiciones atmosféricas favorables para la formación de trombas marinas en el litoral almeriense, debido a un entorno de inestabilidad, cizalladura y convección organizada asociada a un Sistema Convectivo Mesoescalar.

Los datos de radar, satélite, sondeos y modelos numéricos respaldan la posibilidad de un fenómeno tornádico, aunque no se detectaron firmas claras de supercélula.

Las evidencias observadas y los daños reportados en Isleta del Moro son compatibles con una tromba marina que tocó tierra con intensidad estimada EF-0 (100–120 km/h), sin causar daños estructurales significativos.";"NO";"NO";"El desplazamiento violento de mobiliario ligero no anclado (sillas y mesas)";"No se han reportado daños estructurales en edificaciones, arrancado de cubiertas, caída de muros o afectación significativa de arbolado maduro";"";"";"";"Información en sitios webs, Informe por un meteorólogo profesional";"Tornado";"1";"";"EF0: 105-137 km/h";"SD";"";"No";"1";"5 minutos";"";"SD";"SD";"SD";"SD";"";"";"";"";"";"";"";"";"";"";"";"";"";"";"";"";"";"";"";"";"";"";"";"";"";"";"";"";"";"";"";"";"";"";"";"";"";"";"";"";""
"2201";"https://sinobas.aemet.es/index.php?pag=detal&rep=2201";"jprodriguezg";"";"2026-03-09";"13:30";"+/- 1 hora";"2026-03-10";"Granizada Singular";"Alta";"39.813";"2.891";"589";"Illes Balears";"Escorca";"Es Guix, Bajada Urbanización, 0A, 07315 Escorca, Illes Balears, España";"07315";"";"Una vaguada con -26 ºC en 500 hPa y la convergencia mesoescalar de vientos favorecieron esta precipitación en forma de granizo, con evidencia por medio de vídeos y fotografías. Se trata de granizo menudo que llegó a acumular una capa de unos 3 cm aproximadamente, detectable especialmente sobre la carretera.";"NO";"NO";"";"";"";"";"";"Fotos o videos del evento";"";"";"";"";"";"";"";"";"SD";"";"";"";"";"";"";"";"SD";"SD";"SD";"3";"SD";"";"";"";"";"";"";"";"";"";"";"";"";"";"";"";"";"";"";"";"";"";"";"";"";"";"";"";"";"";"";"";"";"";""
"2203";"https://sinobas.aemet.es/index.php?pag=detal&rep=2203";"Meteofelix";"";"2026-04-20";"17:30";"+/- 15 minutos";"2026-04-25";"Granizada Singular";"Alta";"41.933";"2.259";"490";"Barcelona";"Vic";"Carrer del Puigsacalm, 15, 08500 Vic, Barcelona, España";"08500";"Durante la tarde del lunes 20 de abril, se formaron fuertes tormentas en el Pirineo, dejando granizo en localidades como Olot o La Seu d'Urgell. Las tormentas fueron bajando poco a poco y afectando otras zonas fuera del Pirineo. La más fuerte de ellas fue la que cruzó la plana de Vic dejando una granizada insólita para la época del año en la que nos encontrábamos, tanto por el tamaño máximo de las piedras como por la cantidad de granizo de tamaño superior a 2 cm. Posteriormente, la tormenta se desplazó hacia Viladrau y Arbúcies dejando una importante granizada también en estas zonas.";".";"NO";"NO";"Abolladuras en coches, y algunas roturas de tejas.";".";"0";"0";"0";"Testigo del evento, Informado por un testigo del evento, Informado por un testigo de los daños, Información en los medios, Fotos o videos del evento";"";"";"";"";"";"";"";"";"15 minutos";"";"";"";"";"";"";"";"Entre 4 y 5";"Entre 2 y 3";"SD";"1";"Agregados";"";"";"";"";"";"";"";"";"";"";"";"";"";"";"";"";"";"";"";"";"";"";"";"";"";"";"";"";"";"";"";"";"";""
"2204";"https://sinobas.aemet.es/index.php?pag=detal&rep=2204";"Davidpozo";"";"2026-04-28";"17:30";"+/- 5 minutos";"2026-05-01";"Reventón / Frente de racha";"Alta";"37.881";"-4.764";"100";"Córdoba";"Córdoba";"Av. de Ntra. Sra. de la Fuensanta, 6, Sureste, 14010 Córdoba, España";"14010";"Sector sureste de Córdoba, en las zonas de la Fuensanta, Santuario y el recinto ferial del Arenal";"Durante la tarde del martes 28 de abril de 2026, se formó una célula tormentosa al sureste de Córdoba capital con bastante actividad eléctrica. A partir de las 17:29, mi estación ubicada en la avenida Nuestra señora de la Fuensanta registró datos que podrían indicar un microburst húmedo:

-Presión absoluta: A las 17:29 la presión era de 999,7hpa. Unos 5 minutos después, subió unos 0,8hpa hasta los 1000,5hpa (un mesohig). Además esta semana mantiene igual duranto los siguientes 10-15 minutos, coincidiendo con el pico máximo de lluvia. Esta subida repentina sería el aire frío descendente de la tormenta impactando súbitamente en superficie y es uno de los principales síntomas que hacen sospechar de un microburst.
-Temperatura: a las 17:24 la temperatura era de 24° y sobre las 17:39 era de 16,6°, bajando así 7,4° en 15 minutos. Esta bajada repentina de temperatura coincide con el comienzo de lluvia torrencial.
-Lluvia: entre las 17:29 y las 17:54 mi estación recogió 30,3mm, con un pico de intensidad torrencial de 85,2mm/h.
-Viento: la racha máxima coincide justo en el momento donde la presión atmósferica mencionada antes sube y se mantiene. En este caso, la racha máxima que registro mi estación fue de 46km/h, pero es importante mencionar que mi estación subestima las rachas de viento fuertes y los daños en el recinto ferial no justifican ese valor. Tampoco son justificados esos daños con la racha del aeropuerto, que fue de tan solo 30km/h.
-Actividad eléctrica: se registraron hasta 60 rayos en 1 hora al sureste de la ciudad 
-Cercania de los daños y localización extrema: los principales daños e incidencias están muy cerca entre si (a 1km o menos entre sí) y no hay constancia de más incidencias en otros puntos de la ciudad, por lo que parece que ha sido un evento hiperlocal que ha afectado solo al sector sureste. Otras estaciones del centro y norte de la ciudad no marcan datos tan extremos (entre 5-10mm) y el aeropuerto solo 2mm. Mi estación es la única que ha recogido estos datos.Esto delata que el evento ha sido extremadamente local.

En resumen, los datos de mi estación, la localidad del evento y loas daños causados hacen sospechar de un problable microburst húmedo.";"NO";"NO";"En el recinto ferial del Arenal se produjeron destrozos en algunas casetas de feria, que estaban en construcción. Además, un vehículo se quedó atrapado en una balsa de agua en la avenida de las Lonjas.";"";"";"";"";"Testigo del evento, Información en sitios webs";"";"";"";"SD";"SD";"80";"";"";"25 minutos";"Lluvia fuerte, Granizo pequeño (&lt;0,5 cm.), Tormenta";"Entre 1 y 2 km";"1,5 km";"2 km";"SD";"";"";"";"";"";"";"";"";"";"";"";"";"";"";"";"";"";"";"";"";"";"";"";"";"";"";"";"";"";"";"";"";"";"";"";"";"";"";"";"";""
"2205";"https://sinobas.aemet.es/index.php?pag=detal&rep=2205";"Ivanduque";"";"2026-05-09";"15:10";"+/- 5 minutos";"2026-05-11";"Tornado / Tromba Marina";"No Validado";"39.969";"-6.505";"229";"Cáceres";"Rincón del Obispo";"XF9V+JX Rincón del Obispo, España";"10811";"El fenómeno se produjo en la vega del río Alagón, cerca del Rincón del obispo, pedanía de Coria, en una zona de choperas, huertos y fincas de segunda residencia";"Tormenta con rasgos supercélulares con granizo de 1 cm, lluvia muy intensa y formación de una supercélula en la que observé rotación y posterior formación de un tornado y al menos 2 tubas, desplazamiento muy rápido de la supercélula de sur a norte. El tornado ocurrió entre el municipio de Coria y su pedanía Rincón del obispo, siendo más cercano a ésta última.";"NO";"NO";"Levantamiento de algunas tejas y chapas grecadas, vallas de fincas dobladas.";"Al menos entre 20 y 40 árboles.";"";"0";"0";"Testigo del evento, Testigo de los daños, Fotos o videos del evento, Fotos o videos de los daños";"Tornado";"1";"";"SD";"SD";"";"Si";"1";"SD";"Lluvia fuerte, Granizo mediano, Tormenta";"Entre 1 y 2 km";"20 metros";"40 metros";"sur a norte";"";"";"";"";"";"";"";"";"";"";"";"";"";"";"";"";"";"";"";"";"";"";"";"";"";"";"";"";"";"";"";"";"";"";"";"";"";"";"";"";""
"2206";"https://sinobas.aemet.es/index.php?pag=detal&rep=2206";"jprodriguezg";"";"2026-05-15";"16:30";"+/- 1 hora";"2026-05-18";"Tornado / Tromba Marina";"Alta";"40.055";"4.131";"0";"Illes Balears";"Fornells";"Carrer de Gabriel Gelabert, 6, 07748 Fornells, Illes Balears, España";"07748";"Convección ocasionada por una vaguada";"Dos mangas marinas, una en el puerto de Fornells y otra en Cala Tirant";"NO";"NO";"";"";"";"";"";"Fotos o videos del evento";"Tromba Marina";"1";"";"SD";"SD";"";"Si";"2";"SD";"Lluvia ligera o moderada";"SD";"SD";"SD";"SD";"";"";"";"";"";"";"";"";"";"";"";"";"";"";"";"";"";"";"";"";"";"";"";"";"";"";"";"";"";"";"";"";"";"";"";"";"";"";"";"";""
"2207";"https://sinobas.aemet.es/index.php?pag=detal&rep=2207";"jprodriguezg";"";"2026-05-15";"20:30";"+/- 1 hora";"2026-05-18";"Tornado / Tromba Marina";"Alta";"39.725";"2.582";"0";"Illes Balears";"Port de Valldemossa";"PHFJ+XR Port de Valldemossa, España";"07170";"";"Manga marina en la zona costera de Valldemossa. Convección ocasionada por una vaguada.";"NO";"NO";"";"";"";"";"";"Fotos o videos del evento";"Tromba Marina";"1";"";"SD";"SD";"";"Si";"1";"SD";"Sin Precipitación";"SD";"SD";"SD";"SD";"";"";"";"";"";"";"";"";"";"";"";"";"";"";"";"";"";"";"";"";"";"";"";"";"";"";"";"";"";"";"";"";"";"";"";"";"";"";"";"";""
"2209";"https://sinobas.aemet.es/index.php?pag=detal&rep=2209";"jgordalizab";"AEMET";"2026-04-28";"16:10";"+/- 15 minutos";"2026-06-01";"Granizada Singular";"Alta";"42.659";"-4.312";"852";"Palencia";"Alar del Rey";"Tr.ª César Albiñana, 1, 34480 Alar del Rey, Palencia, España";"34480";"";"Día muy inestable en el que se desarrolló una tormenta con granizo alrededor de las 16:10 en Alar del Rey y sus proximidades";"NO";"NO";"";"";"";"";"";"Información en los medios";"";"";"";"";"";"";"";"";"20 minutos";"";"";"";"";"";"";"";"Entre 0,5 y 1";"Entre 0,5 y 1";"SD";"5";"SD";"";"";"";"";"";"";"";"";"";"";"";"";"";"";"";"";"";"";"";"";"";"";"";"";"";"";"";"";"";"";"";"";"";""
"2210";"https://sinobas.aemet.es/index.php?pag=detal&rep=2210";"matgs";"";"2026-07-07";"18:00";"+/- 15 minutos";"2026-07-07";"Reventón / Frente de racha";"No Validado";"40.396";"-3.763";"665";"Madrid";"Madrid";"C. de Escalona, 69, Latina, 28024 Madrid, España";"28024";"El fenomeno ha afectado sobre todo al suroeste y centro de la Comunidad de Madrid";"Sobre las 17:30 se genero una tormenta a la altura del municipio de Mostoles que ha acabado intensificandose muy rápido hasta convertirse en una supercelula ya que en el RainAlarm los pixeles eran de color rojo oscuro (Intensidad 8/10). Lo primero que ha llegado ha sido el viento que ha empezado a intensificarse con rachas de entre 70 y 80 Km/h, haciendo que se cayeran algunas ramas de arboles. Después, llegó la lluvia con una intensidad de aproximadamente 70 mm/h, con la caida del agua, se habia complicado la visibilidad, no se veia a mas de 5 metros por todo el agua que estaba cayendo.";"NO";"NO";"";"Caida de ramas por las fuertes rachas de viento.";"";"";"";"Testigo del evento, Testigo de los daños, Fotos o videos del evento, Fotos o videos de los daños, Informe por un aficionado entrenado";"";"";"";"menor que EF0";"T0: 61-86 km/h";"80";"";"";"10 minutos";"Lluvia ligera o moderada, Lluvia fuerte, Granizo pequeño (&lt;0,5 cm.), Polvo o arena levantado por el viento, Tormenta";"Entre 0,5 y 1 km";"1 km";"1 km";"suroeste a noreste";"";"";"";"";"";"";"";"";"";"";"";"";"";"";"";"";"";"";"";"";"";"";"";"";"";"";"";"";"";"";"";"";"";"";"";"";"";"";"";"";""
"2211";"https://sinobas.aemet.es/index.php?pag=detal&rep=2211";"Valeria";"";"2026-07-07";"07:30";"+/- 5 minutos";"2026-07-07";"Tornado / Tromba Marina";"No Validado";"40.185";"-3.719";"641";"Madrid";"Torrejón de Velasco";"Calle Diseminado, 222, 28990 Torrejón de Velasco, Madrid, España";"28990";"Se formo en el campo mas o menos cerca de la carretera";"Habia tormenta y supongo que el aire caliente ascendio y choco con el aire frio de arriba mientras llovia y luego hubo un cambio brusco de direccion del viento.";"NO";"NO";"Nada";"Ni idea";"0";"0";"0";"Testigo del evento";"Tornado";"1";"";"menor que EF0";"SD";"0";"Si";"1";"5 minutos";"Lluvia ligera o moderada, Tormenta";"Menor de 0,5 km";"20 metros";"20 metros";"norte a sur";"";"";"";"";"";"";"";"";"";"";"";"";"";"";"";"";"";"";"";"";"";"";"";"";"";"";"";"";"";"";"";"";"";"";"";"";"";"";"";"";""
"2213";"https://sinobas.aemet.es/index.php?pag=detal&rep=2213";"Meteo12";"";"2026-02-02";"12:20";"+/- 15 minutos";"2026-07-07";"Tornado / Tromba Marina";"Alta";"37.388";"-6.202";"139";"Sevilla";"Sanlúcar la Mayor";"C. Manuel Castaño Ortiz, 33, 41800 Sanlúcar la Mayor, Sevilla, España";"41800";"Ese dia se formo una supercelula en esa zona la cual abarco Huevar y sanlucar y parte de benacazon esa supercelula formo 3 tornados, 1 en el solnova 1 y otro en el valle del guadiamar a 1.5km de la zona derribando varias encinas.
Ese dia se puedo reporto 1 reventon en Mairena del aljarafe
Tambien se puedo observar varios Mesociclones con la herramienta de viento radial en el radar
Daños: arboles arrancados de raiz incluso levantando el pavimento y paradas de autobus destrozadas y barras de acero dobladas de manera irregular";"En sanlucar la mayor una supercelula formo varios tornados en 2 horas";"NO";"NO";"bloques rectangulares compactos de hormigon de 20kg que estaban en el suelo fueron puestos en vertical.
Un arbol fue arrancado de cuajo del suelo llevandose y levantando el pavimento.
Chapas de hierro de 3 metros de largo fueron dobladas y compactadas.
Chapas de hierro y postes de acero fueron doblados de manera irregular y fueron arrancados del suelo.";"";"3000";"0";"0";"Testigo de los daños, Informado por un testigo del evento, Informado por un testigo de los daños, Información en los medios, Fotos o videos del evento, Fotos o videos de los daños, Informe por un aficionado entrenado";"Tornado";"1";"";"EF3: 219-266 km/h";"T5: 221-259 km/h";"220";"Si";"1";"5 minutos";"Lluvia ligera o moderada, Tormenta";"Menor de 0,5 km";"20 metros";"30 metros";"suroeste a noreste";"";"";"";"";"";"";"";"";"";"";"";"";"";"";"";"";"";"";"";"";"";"";"";"";"";"";"";"";"";"";"";"";"";"";"";"";"";"";"";"";""
"2214";"https://sinobas.aemet.es/index.php?pag=detal&rep=2214";"Meteo12";"";"2026-05-10";"15:00";"+/- 15 minutos";"2026-07-10";"Tuba";"Alta";"43.535";"-7.041";"47";"Lugo";"Ribadeo";"Rincón San Francisco, 5, 27700 Ribadeo, Lugo, España";"27700";"Sobre las 3 de la tarde se podía apreciar esta impresionante imagen en el cielo: una nube embudo claramente definida que se extendía hacia el mar. Todo apunta a que podría tratarse de una manga marina, o incluso de un tornado débil, asociado a una tormenta activa sobre la costa.
En mi opinion era un tornado debido a que en la parte de arriba se podia ver la nube pared y el mesociclon lo que lo convierte en un tornado supercelular y no una tromba marina las cuales se pueden formar en tormentas convectivas no supercelulares.";"Sobre las 3 de la tarde se pudo apreciar este hermoso fenomeno el cual es denominado nuve de tuba o Funnel cloud";"NO";"NO";"Ninguno";"Ninguno";"";"";"";"Testigo del evento, Informado por un testigo del evento, Información en los medios, Información en sitios webs, Fotos o videos del evento, Informe por un aficionado entrenado";"";"1";"";"";"";"";"";"";"10 minutos";"Lluvia fuerte, Tormenta";"";"";"";"";"30%";"";"";"";"";"";"";"";"";"";"";"";"";"";"";"";"";"";"";"";"";"";"";"";"";"";"";"";"";"";"";"";"";"";"";"";"";"";"";"";""
"2215";"https://sinobas.aemet.es/index.php?pag=detal&rep=2215";"Kimberly";"";"2026-07-12";"16:55";"+/- 15 minutos";"2026-07-12";"Granizada Singular";"Baja";"42.351";"-3.691";"862";"Burgos";"Burgos";"C. Sagrada Familia, 24, 09006 Burgos, España";"09006";"Por 5 minutos, hay lluvia y granizada. Después, está sol.";"Lluvia y granizada para cinco minutos, y después, hay sol. Fotos y vídeo u incluyó.";"NO";"NO";"";"";"";"";"";"Testigo del evento, Fotos o videos del evento";"";"";"";"";"";"";"";"";"3 minutos";"";"";"";"";"";"";"";"Entre 2 y 3";"Entre 0,5 y 1";"5";"1";"SD";"";"";"";"";"";"";"";"";"";"";"";"";"";"";"";"";"";"";"";"";"";"";"";"";"";"";"";"";"";"";"";"";"";""
"2216";"https://sinobas.aemet.es/index.php?pag=detal&rep=2216";"Noromet";"";"2026-07-16";"18:50";"+/- 5 minutos";"2026-07-17";"Granizada Singular";"Alta";"43.124";"-5.565";"518";"Asturias";"Collanzo";"Parque infantil Collanzo, AE-6, 10A, 33680 Collanzo, Asturias, España";"33680";"El evento tuvo lugar en la localidad de Collanzo y sus inmediaciones.";"A las 18:30h del 16 de julio de 2026, un núcleo tormentoso se generó en el valle del Caudal, embebido en una amplia línea convectiva que ocupaba buena parte de la zona central de Asturias. Dicho núcleo se intensificó rápidamente con un desplazamiento W-E, alcanzando unas elevadas reflectividades al cruzar por el Alto Aller, principalmente entre las localidades de Cabañaquinta y Felechosa. A las 18:50h, se registró una granizada acompañada de una gran intensidad de precipitación en Collanzo, provocando inundaciones en la estación de tren de la localidad y acumulaciones de granizo en zonas favorables. Si bien la estación meteorológica de la AEMET en Cuevas de Felechosa quedó al margen de la parte más activa de la tormenta (5mm en toda la jornada), la estación de un aficionado próxima a la localidad de Entrepeñas, en la trayectoria de la tormenta, registró 16mm durante la duración del evento (apenas 10-15min) y 24mm en toda la jornada.";"NO";"NO";"Inundaciones temporales en la estación de tren de la localidad, así como daños menores en viviendas por la entrada de agua.";"Principalmente daños en las huertas y árboles frutales, derivados de las dimensiones del granizo y la intensidad de la precipitación.";"";"0";"0";"Informado por un testigo del evento, Informado por un testigo de los daños, Fotos o videos del evento";"";"";"";"";"";"";"";"";"10 minutos";"";"";"";"";"";"";"";"Entre 3 y 4";"Entre 1 y 2";"SD";"SD";"Hielo claro";"";"";"";"";"";"";"";"";"";"";"";"";"";"";"";"";"";"";"";"";"";"";"";"";"";"";"";"";"";"";"";"";"";""
"2217";"https://sinobas.aemet.es/index.php?pag=detal&rep=2217";"Noromet";"";"2026-07-12";"16:15";"+/- 15 minutos";"2026-07-17";"Granizada Singular";"Alta";"43.430";"-4.822";"41";"Asturias";"Barro";"C5JH+46 Barro, Llanes, España";"33595";"El fenómeno afectó a diversas localidades costeras del municipio de Llanes, notándose especialmente en Celorio, Barro, Niembro y Porrúa.";"A primera hora de la tarde del 12 de julio de 2026, una línea convectiva ayudada por la orografía de los Picos de Europa empezó a generar diversas células tormentosas, con desplazamiento SE-NW y de rápida intensificación. A las 16:15h, uno de esos núcleos tormentosos, de alta reflectividad en el radar, alcanzó el litoral llanisco, entre Posada de Llanes y Celorio, dejando granizos de gran tamaño (hasta 4-5cm) que sorprendieron a muchos veraneantes en las playas de la zona. Tras la primera granizada, en su mayoría seca (2-3 mm en la mayoría de estaciones de la zona), se sucedieron diversas tormentas por la costa llanisca, dejando acumulados rondando los 15-25mm.";"NO";"NO";"Daños menores en vehículos (abolladuras en la carrocería), mobiliario exterior en las inmediaciones de las playas y tiendas de campaña en áreas de camping.";"Daños generalizados en huertas y árboles frutales debido a las dimensiones del granizo.";"";"0";"0";"Informado por un testigo del evento, Informado por un testigo de los daños, Información en los medios, Fotos o videos del evento";"";"";"";"";"";"";"";"";"10 minutos";"";"";"";"";"";"";"";"Entre 4 y 5";"Entre 2 y 3";"SD";"SD";"Puntiagudo";"";"";"";"";"";"";"";"";"";"";"";"";"";"";"";"";"";"";"";"";"";"";"";"";"";"";"";"";"";"";"";"";"";""
"2218";"https://sinobas.aemet.es/index.php?pag=detal&rep=2218";"Noromet";"";"2026-07-12";"17:00";"+/- 1 hora";"2026-07-17";"Granizada Singular";"Alta";"43.570";"-6.946";"20";"Asturias";"Tapia de Casariego";"C. Pozo, 13, 33740 Tapia de Casariego, Asturias, España";"33740";"El fenómeno se produjo en las inmediaciones de Tapia de Casariego, aunque existen reportes de sucesos similares en otras localidades del entorno durante la tarde (Ribadeo, Foz, San Tirso de Abres).";"A primera hora de la tarde del 12 de julio de 2026, una línea convectiva se generó entre el extremo occidental de Asturias y el este de la provincia de Lugo, generando numerosos núcleos tormentosos a lo largo de la tarde. En uno de ellos, que cruzó la localidad de Tapia de Casariego sobre las 17:00h, se registraron granizos de gran tamaño (hasta 3-4 cm), sorprendiendo a los bañistas en las playas y a numerosas personas que se encontraban celebrando la festividad del Carmen en la localidad.";"NO";"NO";"No constan.";"No se conocen, aunque probablemente, al igual que en fenómenos similares, se produjeron daños en huertas y árboles frutales debido a las dimensiones del granizo.";"";"0";"0";"Información en los medios, Fotos o videos del evento";"";"";"";"";"";"";"";"";"SD";"";"";"";"";"";"";"";"Entre 3 y 4";"SD";"SD";"SD";"Hielo claro";"";"";"";"";"";"";"";"";"";"";"";"";"";"";"";"";"";"";"";"";"";"";"";"";"";"";"";"";"";"";"";"";"";""
"2219";"https://sinobas.aemet.es/index.php?pag=detal&rep=2219";"Noromet";"";"2026-06-22";"03:00";"+/- 1 hora";"2026-07-17";"Reventón Cálido";"Alta";"43.362";"-5.863";"244";"Asturias";"Oviedo";"Av. Valentín Masip, 25, 33013 Oviedo, Asturias, España";"33013";"El fenómeno afectó a buena parte de las zonas llanas del centro del Principado de Asturias en diferentes momentos de la noche, aunque la mayor intensidad se dio al oeste de la ciudad de Oviedo y en buena parte de la ciudad de Gijón.";"Al comienzo de la madrugada del 22 de junio del 2026, tras una larga jornada de altas temperaturas en el Principado de Asturias, alcanzando los 35ºC, se generaron unas células tormentosas hacia la llanura central asturiana, dejando abundante aparato eléctrico y precipitación. No obstante, los acumulados fueron escasos y breves, siendo sustituidos rápidamente por fuertes rachas de viento muy secas (hasta 66 km/h en Oviedo-Buenavista), que elevaron la temperatura hasta 12ºC por encima de las que había a medianoche. Las mayores oscilaciones de temperatura tuvieron lugar en la ciudad de Oviedo (de 20,7ºC a 33,3ºC en Buenavista, de 20,9ºC a 32,1ºC en La Florida, de 20,4ºC a 29ºC en Fozaneldi) y en Gijón (20,8ºC a 31,8ºC en Vega de Baxu, 21,4ºC a 31,8ºC en La Calzada), aunque se dieron reportes semejantes en diversas zonas del centro de Asturias (19,9ºC a 31,2ºC en Posada de Llanera, 19,6ºC a 30,2ºC en Molleda, Corvera, 19,8ºC a 29ºC en Brañaverniz, Villaviciosa). El fenómeno duró entre unos pocos minutos y cerca de media hora en función de la zona, ocurriendo en primer lugar en Oviedo (02:40h) y más tarde en las localidades costeras (03:00-04:00h).";"NO";"NO";"No constan.";"Rotura de ramas de tamaño mediano y grande, caída de árboles en parques.";"";"0";"0";"Testigo del evento, Testigo de los daños";"";"";"";"SD";"T0: 61-86 km/h";"66";"";"";"10 minutos";"Lluvia ligera o moderada, Tormenta";"Entre 30 y 40 km";"Mayor que 4 km";"SD";"sur a norte";"";"+11";"";"";"";"";"";"";"";"";"";"";"";"";"";"";"";"";"";"";"";"";"";"";"";"";"";"";"";"";"";"";"";"";"";"";"";"";"";"";""
"2220";"https://sinobas.aemet.es/index.php?pag=detal&rep=2220";"MeteOrihuela";"FrostSE";"2026-07-23";"17:45";"+/- 1 minuto";"2026-07-24";"Reventón / Frente de racha";"No Validado";"38.003";"-1.158";"50";"Murcia";"Murcia";"C. Alonso de Tenza, 7, 30009 Murcia, España";"30009";"Espinardo, Asociación Vecinal Joven Futura";"Línea de tormentas, con fuerte viento asociado, que fue avanzando de oeste a este por el Valle del Guadalentín, registrando una intensificación al llegar al área metropolitana de Murcia, para marcar reflectividades de hasta 54 dBZ en el radar meteorológico. El fenómeno adverso más destacado fue el viento, con rachas que superaron los 80 km/h. Además, debido a este evento, se ha batido el récord de racha máxima de viento para un mes de julio en el observatorio oficial de AEMET en Murcia (Guadalupe), con datos desde 1984.";"NO";"NO";"Voladura de la cubierta de la terraza de un ático, rotura de pérgolas.";"Caída de árboles (algunos de grandes dimensiones), señales de tráfico, marquesinas, mobiliario de terrazas de establecimientos.";"";"";"";"Informado por un testigo del evento, Informado por un testigo de los daños, Información en los medios, Información en sitios webs, Fotos o videos de los daños, Informe por un aficionado entrenado";"";"";"";"menor que EF0";"T1: 87-115 km/h";"90";"";"";"5 minutos";"Lluvia ligera o moderada, Polvo o arena levantado por el viento, Tormenta";"SD";"SD";"SD";"oeste a este";"";"";"";"";"";"";"";"";"";"";"";"";"";"";"";"";"";"";"";"";"";"";"";"";"";"";"";"";"";"";"";"";"";"";"";"";"";"";"";"";""
"2221";"https://sinobas.aemet.es/index.php?pag=detal&rep=2221";"ProyectoMastral";"AMETSE";"2026-07-23";"19:00";"+/- 5 minutos";"2026-07-24";"Reventón Cálido";"No Validado";"38.022";"-0.699";"17";"Alicante";"El Chaparral";"Av. Adradas, 206, 03184 El Chaparral, Alicante, España";"03184";"El fenómeno afectó a la zona de Los Montesinos y el norte de Torrevieja.";"Sobre las siete de la tarde, al paso de la nubosidad que dejó algunas lluvias en el interior de la Vega Baja, la temperatura comenzó a subir rápidamente y se registraron rachas repentinas de viento que levantaron mucho polvo, generando algunos daños materiales. Este fenómeno hay constancia de que afectó especialmente a la zona de Los Montesinos, donde se midieron rachas por encima de los 80 km/h, el norte de Torrevieja y La Mata.";"NO";"NO";"Caída de alguna farola. Rotura de toldos y pequeños muros.";"";"";"0";"0";"Testigo del evento, Informado por un testigo del evento, Fotos o videos del evento, Fotos o videos de los daños, Informe por un meteorólogo aficionado";"";"";"";"menor que EF0";"T0: 61-86 km/h";"85";"";"";"15 minutos";"Lluvia ligera o moderada, Polvo o arena levantado por el viento, Tormenta";"Entre 10 y 15 km";"SD";"SD";"oeste a este";"";"+9";"";"";"";"";"";"";"";"";"";"";"";"";"";"";"";"";"";"";"";"";"";"";"";"";"";"";"";"";"";"";"";"";"";"";"";"";"";"";""
"2222";"https://sinobas.aemet.es/index.php?pag=detal&rep=2222";"GDStudios";"";"2026-07-24";"19:15";"+/- 1 minuto";"2026-07-24";"Tolvanera";"Media";"37.414";"-6.018";"10";"Sevilla";"Camas";"Ronda Urbana Nte, 41900 Camas, Sevilla, España";"41900";"SE-30 a la altura del estadio de la Cartuja";"Sucedió en torno a las 19:15, levantó polvo y meneó algunas ramas, nos percatamos de él nada más pasar el puente de acceso al estadio en dirección Oeste. Tardamos como un minuto en empezar a grabarlo por lo que lo pillamos ya muy débil. Además ha sido un día con temperaturas muy elevadas y mucha calma del viento en general";"NO";"NO";"Ninguno";"Ramas rotas";"0";"0";"0";"Testigo del evento, Testigo de los daños, Fotos o videos del evento";"";"1";"";"menor que EF0";"T0: 61-86 km/h";"80";"";"";"2 minutos";"Sin Precipitación, Polvo o arena levantado por el viento";"Menor de 0,5 km";"10 metros";"20 metros";"norte a sur";"";"";"";"";"";"";"";"";"";"";"";"";"";"";"";"";"";"";"";"";"";"";"";"";"";"";"";"";"";"";"";"";"";"";"";"";"";"";"";"";""
"2223";"https://sinobas.aemet.es/index.php?pag=detal&rep=2223";"MeteOrihuela";"FrostSE";"2026-07-23";"19:05";"+/- 1 minuto";"2026-07-25";"Reventón Cálido";"No Validado";"38.090";"-0.651";"28";"Alicante";"Guardamar del Segura";"Carrer Enginyer Mira, 25, 03140 Guardamar del Segura, Alicante, España";"03140";"En mayor o menor medida, el fenómeno se notó en todo el término municipal de Guardamar del Segura.";"En torno a las 19:00 horas, una línea de tormentas fue perdiendo entidad en su avance del interior a la costa por la comarca de la Vega Baja del Segura. Al llegar a la orilla del mar, el efecto más significativo que tuvo fue dejar de manera súbita y repentina rachas de viento de hasta 70 km/h, provocando un extraordinario ascenso de la temperatura (de 29 a casi 42ºC) y un extraordinario descenso de la humedad (del 85 al 25%). Este evento provocó la caída de árboles y palmeras, daños en los cultivos, así como la rotura de toldos y mobiliario urbano. Por supuesto, también se encargó de levantar mucho polvo y arena.";"NO";"NO";"Rotura de toldos y mobiliario urbano.";"Caída de arbolado y daños en los cultivos.";"";"";"";"Informado por un testigo del evento, Informado por un testigo de los daños, Información en sitios webs, Fotos o videos del evento, Fotos o videos de los daños, Informe por un aficionado entrenado";"";"";"";"menor que EF0";"T0: 61-86 km/h";"70";"";"";"15 minutos";"Lluvia ligera o moderada, Polvo o arena levantado por el viento, Tormenta";"Entre 10 y 15 km";"SD";"SD";"oeste a este";"";"+12";"";"";"";"";"";"";"";"";"";"";"";"";"";"";"";"";"";"";"";"";"";"";"";"";"";"";"";"";"";"";"";"";"";"";"";"";"";"";""
"2224";"https://sinobas.aemet.es/index.php?pag=detal&rep=2224";"Meteo12";"";"2025-10-25";"09:00";"+/- 5 minutos";"2026-07-27";"Precipitación Súbita Torrencial";"Baja";"37.452";"-6.282";"68";"Sevilla";"Aznalcóllar";"FP29+X9 Aznalcóllar, España";"41870";"Me levante por la mañana para ir a trabajar cuando fui direccion A-49 direccion sevilla vi esa gran nube que se puede apreciar en la imagen, algunos testigos de aznalcollar el pueblo donde se intensifico la tormenta decenas de minutos antes de que la viera, me han enviado videos de granizadas pequeñas que duro segundos y tambien videos una gran cantidad de rayos cayendo en poco tiempo.
Varis calles se convirtieron en rios debido a la gran cantidad de lluvia que cayo.
Las tapaderas de las casa se levantaron debido a las lluvias intensas";"(Testimonio de los testigos)1ºTestigo: Empezo a chispear y derrepente apreto bastante y a los 6 minutos mas o menos estaba cayendo la de dios.
2ºTestigo:";"NO";"NO";"Calles inundadas y casas encharcadas junto a que tapaderas de las alcantarillas fueron levantadas por culpa de la lluvia.";"no hay";"0";"0";"0";"Informado por un testigo del evento, Informado por un testigo de los daños, Fotos o videos del evento, Fotos o videos de los daños";"";"";"";"";"";"";"";"";"20 minutos";"";"";"";"";"";"";"";"";"";"";"";"";"";"08:20";"";"";"";"";"100";"";"120";"Si";"SD";"SD";"";"";"";"";"";"";"";"";"";"";"";"";"";"";"";"";"";"";"";"";"";""
"2225";"https://sinobas.aemet.es/index.php?pag=detal&rep=2225";"Meteo12";"";"2025-10-29";"10:15";"+/- 1 hora";"2026-07-27";"Precipitación Súbita Torrencial";"Alta";"37.356";"-6.278";"78";"Sevilla";"Huévar del Aljarafe";"Padre Garcia Escudero, 20B, 41830 Huévar del Aljarafe, Sevilla, España";"41830";"El episodio de lluvia torrencial afectó de forma generalizada al casco urbano del municipio. La elevada intensidad de la precipitación provocó la inundación de numerosas calles, con acumulaciones de agua de hasta 30 cm en varios puntos. El centro médico sufrió una inundación que dejó importantes acumulaciones de barro en el interior y obligó a realizar labores de limpieza. Asimismo, el colegio del municipio tuvo que evacuar a los alumnos como medida de seguridad debido a la inundación de los accesos y al riesgo asociado al episodio. La red de drenaje resultó insuficiente para evacuar el caudal, produciéndose el levantamiento y desplazamiento de varias tapas de alcantarilla por la presión del agua.
Mi estación de radar que tengo en casa detecto muchísima lluvia.";"Durante el episodio se desarrolló una tormenta asociada a un cumulonimbo de gran desarrollo vertical, que produjo precipitaciones de intensidad torrencial en un corto periodo de tiempo. La elevada intensidad de la lluvia superó la capacidad de la red de drenaje urbano, provocando la rápida inundación de numerosas calles del municipio. Se registraron acumulaciones de agua de hasta 30 cm en diversos puntos, lo que ocasionó la entrada de agua y barro en el centro médico. Asimismo, fue necesaria la evacuación preventiva de los alumnos del colegio debido a las inundaciones y al riesgo para la seguridad. La presión ejercida por el agua en la red de saneamiento provocó el levantamiento y desplazamiento de varias tapas de alcantarilla. El episodio ocasionó importantes problemas de movilidad y daños por inundación en el casco urbano.";"NO";"NO";"El centro medico se inundo provocando que muchos muebles se pudran y que el centro quede inoperativo.
Muchas casa se inundaron.
Tapaderas de alcantarillas de 80kg se salieron de las alcantarillas y se quedaron flotando en el agua que salia con gran presion de la alcantarilla.
Nos evacuaron del instituto debido a los fuertes vientos.";"Se sospeca de tornado debido a que en el campo se puede apreciar hasta dia de hoy muchos olivos sin ramas y destrozados y muchos arboles arrancaados de raiz junto a algo de destruccion.";"3000";"";"";"Testigo del evento, Testigo de los daños, Informado por un testigo de los daños, Información en los medios, Fotos o videos del evento, Fotos o videos de los daños";"";"";"";"";"";"";"";"";"SD";"";"";"";"";"";"";"";"";"";"";"";"";"120";"";"";"";"";"";"120";"";"140";"SD";"SD";"SD";"";"";"";"";"";"";"";"";"";"";"";"";"";"";"";"";"";"";"";"";"";""
"2226";"https://sinobas.aemet.es/index.php?pag=detal&rep=2226";"plopez";"AEMET";"2026-07-23";"10:15";"+/- 15 minutos";"2026-07-30";"Reventón Cálido";"Alta";"36.449";"-6.246";"2";"Cádiz";"San Fernando";"CQX3+HF San Fernando, España";"11100";"Intervalos de vientos fuertes en gran parte de la provincia de Cádiz. Evidencias en EMAs de Chipioa, Rota, San Fernando, Cádiz, Jerez de la Frontera, San José del Valle y Medina Sidonia";"Vientos fuertes registrados en gran parte de la provincia de Cádiz entre las 10:00 y las 16:00 UTC. Adicionalmente, se aprecian extrañas nubes en forma de rodillo en capas bajas asociadas al primer reventón.";"NO";"NO";"De poca consideración";"Escasos";"0";"0";"0";"Información en los medios, Fotos o videos de los daños, Informe por un meteorólogo profesional";"";"";"";"menor que EF0";"SD";"80";"";"";"5 minutos";"Polvo o arena levantado por el viento";"Mayor de 50 km";"Mayor que 4 km";"Mayor que 4 km";"suroeste a noreste";"";"+5";"";"";"";"";"";"";"";"";"";"";"";"";"";"";"";"";"";"";"";"";"";"";"";"";"";"";"";"";"";"";"";"";"";"";"";"";"";"";""
"2227";"https://sinobas.aemet.es/index.php?pag=detal&rep=2227";"GorkaHermoso";"";"2026-08-08";"20:50";"+/- 15 minutos";"2026-08-09";"Reventón / Frente de racha";"Media";"43.101";"-3.279";"321";"Burgos";"Villasana de Mena";"C. Puentearroya, 10A, 09580 Villasana de Mena, Burgos, España";"09580";"El fenómeno se produjo a lo largo del centro, este y noreste de la comarca de Las Merindades, pero los datos de viento más significativos se dieron en el término municipal del Valle de Mena.";"El día 8-8-26 una DANA ubicada en el noroeste de Galicia desarrollaba en el flanco delantero un sector divergente y difluente que afectaba al cuadrante norte peninsular. 
Los perfiles termodinámicos estudiados indicaban para la tarde - noche del sábado un entorno potencialmente inestable capaz de generar convección profunda con fenómenos severos en superficie. El perfil atmosférico presentaba una gran humedad en toda su totalidad que junto a las elevadas temperaturas favorecían un elevado CAPE (2000 - 2800 J/kg según ECMWF). Una convergencia de viento en superficie estaba ubicada al sur de la comarca de Las Merindades, favorecida por el role de viento del sureste a norte - noroeste. Los índices cinemáticos eran significativos, con una cizalladura en los 0-6 km de unos 20 ms según ECMWF y unos 2 a 8 ms en el primer kilómetro. La helicidad relativa a la tormenta oscilaba entre los 50 y los 150 m2s2. El análisis de las hodógrafas indicaban un perfil de viento unidireccional en todo el perfil atmosférico, de componente SW - NE, incrementando la velocidad del viento de manera significativa con la altura con unas hodógrafas unidireccionales. 
Todo este conjunto de parámetros hacía probable la formación de convección profunda al atardecer, especialmente con el desarrollo de storm- splittings y líneas de turbonada como fenómenos más probables dadas las características cinemáticas descritas. 
Análisis radar:
Sobre las 7 de la tarde hora local, varias tormentas se generaban en el entorno de Burgos capital, con desplazamiento al NNE. Conforme se desplazaban hacia el norte, fueron adquiriendo organización y severidad, entrando en un entorno termodinámicamente más inestable. A las 8 de la tarde, en las inmediaciones del entorno de Medina de Pomar se generaba una estructura convectiva lineal, típica de una línea de turbonada o equivalente. En ese momento, la reflectividad radar promedio de la línea convectiva indicaba valores de reflectividad de entre 50 a 60 dBz. El viento radial doppler indicaba velocidades radiales de 50 a 70 km/h en dirección al radar de Vizcaya. Sobre las 8:50 la estructura radar era más organizada, con una longitud mayor y una definición más significativa, llegando a mostrar cierta curvatura la reflectividad de la línea turbonada, indicando que el flujo descendente trasero era lo suficientemente intenso como para desplazar y curvar ligeramente la precipitación, adoptando una estructura de iniciación hacia un bow - echo o eco en  arco. En este momento fue cuando en superficie se registraron los datos de viento más relevantes de todo el evento. 
A las 20:46 horas la imagen radar mostraba al sureste del Valle de Mena una curvatura en la reflectividad acompañado de un máximo de viento radial en la imagen en modo doppler, sugiriendo la iniciación del bow - echo asociado a la intensidad del flujo de salida de la tormenta. El promedio en la reflectividad fue de 50 - 55 dBz con un máximo del viento radial doppler de 30 ms equivalente a unos 110 km/h a una altura de haz de radar de 1200 metros. 
Posteriormente, la línea de turbonada se desplazó hacia el País Vasco, adentrándose durante la noche en el mar Cantábrico. 
Datos en superficie por estaciones meteorológicas locales:
- Castro Grande (1094 metros): 90'1 km/h a las 21:00 horas
- Sopeñano de Mena (330 metros): 85'6 km/h a las 20:56 horas
- Hornes de Mena (440 metros): 83'7 km/h a las 20:59 horas
Varias estaciones meteorológicas más superaron los 60 - 70 km/h. También en puntos del Valle de Losa. 
Respecto a las precipitaciones destacan los 11'6 mm de Villasana de Mena, registrados todos ellos en 15 minutos. 
Las fuertes rachas de viento y la intensa precipitación fue acompañada de un incremento súbito de la presión de unos 3 hPa, típico de estos fenómenos. 

El conjunto de estos datos permite establecer que el fenómeno se generó con alta probabilidad asociado al paso de una compacta línea de turbonada e iniciación de un eco en arco liviano. No se conoce todo el conjunto volumétrico radar, sólo de las elevaciones más bajas, por lo que no podemos afirmar la presencia de un rear inflow jet. Estos vientos lineales, por tanto, se generaron debido al flujo de salida y frente de racha de la línea de turbonada a eco en arco. 
No se tienen reportes de granizo de ningún tamaño.";"NO";"NO";"";"";"";"";"";"Testigo del evento, Informado por un testigo del evento, Información en sitios webs, Fotos o videos del evento, Informe por un aficionado entrenado";"";"";"";"menor que EF0";"T1: 87-115 km/h";"91";"";"";"20 minutos";"Lluvia fuerte, Tormenta";"Mayor de 50 km";"Mayor que 4 km";"Mayor que 4 km";"suroeste a noreste";"";"";"";"";"";"";"";"";"";"";"";"";"";"";"";"";"";"";"";"";"";"";"";"";"";"";"";"";"";"";"";"";"";"";"";"";"";"";"";"";""
"2228";"https://sinobas.aemet.es/index.php?pag=detal&rep=2228";"earamburu";"";"2026-08-09";"18:05";"+/- 3 horas";"2026-08-10";"Granizada Singular";"Alta";"43.305";"-2.004";"9";"Gipuzkoa";"Donostia / San Sebastián";"Zarautz Kalea, 113, 20018 Donostia / San Sebastián, Gipuzkoa, España";"20018";"ESTE REPORTE CORRESPONDE A VARIOS LUGARES AFECTADOS POR EL MISMO FENÓMENO: San Sebastián - Lorea, S.S. - Gros, Pasajes - Trintxerpe e Ibarra.";"Debido a una jornada bochornosa en la provincia de Gipuzkoa y al calor en el interior de la península, coincidiendo con el descenso de una vaguada con aire frío en cotas altas (5500 m), se produjo una línea de advección por vorticidad. Esto facilitó la presencia de un punto estacionario de convección (punto donde se generan nubes de evolución de forma masiva y constante), empezando por el parque de Aizkorri-Aratz con vientos del Suroeste en cota alta. Dicho punto se trasladó hasta la zona comprendida entre Usurbil y Andoain (en forma de línea entre las dos localidades), lo que facilitó un segundo evento de acumulaciones de lluvia notoriamente masivas.
En las distintas fases de este evento, empezando por la primera (estacionario en Aizkorri-Aratz) produjo granizo de 2 a 3cm en el barrio de Lorea en San Sebastián. Más tarde, afectaría al barrio de Gros, con tamaños de 1 a 2cm. Cabe destacar que estas observaciones se dieron en suelo artificializado, por lo que las muestras pudieron ser inferiores respecto al tamaño real, pudiendo llegar a los 4cm. 
En la estación 1024C se estuvo observando de forma constante y no se detectó granizo, pero cabe resaltar que el tamaño de las gotas era especialmente grande, un indicador claro de granizo cercano.
En la segunda fase del evento, ya con el punto estacionario cercano al litoral, se registró granizo de diversos tamaños en la comarca de Oarsoaldea, llegándose a registrar de forma medida 1 a 2cm (en suelo natural), en el resto de la comarca no se llegó a tomar medida, no obstante, la abundancia fue destacable. Lo mismo sucede con Ibarra durante la primera mitad.
ESTE REPORTE CUENTA CON APROBACIÓN TOTAL DE LA ASOCIACIÓN METEOROLÓGICA DE GIPUZKOA";"NO";"NO";"Desconocido";"Follaje de árboles dañado.";"";"";"";"Informado por un testigo del evento, Fotos o videos del evento, Informe por un aficionado entrenado";"";"";"";"";"";"";"";"";"5 minutos";"";"";"";"";"";"";"";"Entre 2 y 3";"SD";"SD";"1";"Oblongo";"";"";"";"";"";"";"";"";"";"";"";"";"";"";"";"";"";"";"";"";"";"";"";"";"";"";"";"";"";"";"";"";"";""
"2229";"https://sinobas.aemet.es/index.php?pag=detal&rep=2229";"aotefer";"";"2026-08-14";"19:45";"+/- 5 minutos";"2026-08-14";"Reventón / Frente de racha";"No Validado";"40.354";"-3.539";"612";"Madrid";"Rivas-Vaciamadrid";"C. José Saramago, 1V, 28522 Rivas-Vaciamadrid, Madrid, España";"28522";"Avenida José Hierro, 30, Bloque 6, 5°A";"Una racha de viento fuerte ha arrancado dos toldos de la terraza de la vivienda. El viento ha proyectado los toldos fuera de la urbanización.";"NO";"NO";"Ha arrancado dos toldos de la terraza de la vivienda con sus respectivas estructuras.";"";"";"0";"0";"Testigo del evento";"";"";"";"menor que EF0";"T0: 61-86 km/h";"85";"";"";"SD";"";"SD";"SD";"SD";"SD";"";"";"";"";"";"";"";"";"";"";"";"";"";"";"";"";"";"";"";"";"";"";"";"";"";"";"";"";"";"";"";"";"";"";"";"";"";"";"";"";""
"2230";"https://sinobas.aemet.es/index.php?pag=detal&rep=2230";"GDStudios";"";"2026-08-14";"03:50";"+/- 5 minutos";"2026-08-15";"Reventón / Frente de racha";"No Validado";"36.699";"-4.450";"7";"Málaga";"Málaga";"C. Cayetano de Cabra, 1, Carretera de Cádiz, 29003 Málaga, España";"29003";"Nació en Marbella, su pico de intensidad fue en Málaga antes de desintegrarse";"El fenómeno sucedió en torno a las 3:30 de la madrugada en la costa del sol occidental (Mijas, Fuengirola, Marbella) y llegó en su pico más intenso a la capital malagueña, dejando un espectáculo de rayos impresionante minutos antes de llegar. La zona de turbonada sacudió puntualmente las calles de la ciudad por lo menos una hora por su avance lento y persistente, dejó una importante cantidad de lluvia, y el viento empezó ha hacer los peores daños dejando como lo más significativo que observé una barrera de una obra en frente de donde me situaba grabando en una de las partes del vídeo, he estado investigando en páginas oficiales tales como el NWS que el daño que lo provocó apunta directamente a una ráfaga que pudo alcanzar los 127 km/h. La tormenta ya mas degastada después de hora y media dejó unos 4000 rayos en la costa incluyendo Málaga que se calmaron parcialmente, seguía presente pero mucho más ligera e inofensiva.";"NO";"NO";"Caída de objetos, caída de tejas, barrera de chapa metálica (Se usan frecuentemente en techos) levantada";"Caída de ramas de grandes dimensiones";"";"";"";"Testigo del evento, Testigo de los daños, Informado por un testigo del evento, Informado por un testigo de los daños, Información en los medios, Información en sitios webs, Fotos o videos del evento, Fotos o videos de los daños";"";"";"";"EF0: 105-137 km/h";"T2: 116-147 km/h";"127";"";"";"90 minutos";"Lluvia fuerte, Polvo o arena levantado por el viento, Tormenta";"SD";"SD";"SD";"SD";"";"";"";"";"";"";"";"";"";"";"";"";"";"";"";"";"";"";"";"";"";"";"";"";"";"";"";"";"";"";"";"";"";"";"";"";"";"";"";"";""
